<?xml version="1.0" encoding="UTF-8"?>
<GenRun Id="impl_1" LaunchPart="xc7a35tcpg236-1" LaunchTime="1757667512">
  <File Type="BITSTR-BMM" Name="VGA_Camera_Display_bd.bmm"/>
  <File Type="OPT-METHODOLOGY-DRC" Name="VGA_Camera_Display_methodology_drc_opted.rpt"/>
  <File Type="INIT-TIMING" Name="VGA_Camera_Display_timing_summary_init.rpt"/>
  <File Type="ROUTE-PWR" Name="VGA_Camera_Display_power_routed.rpt"/>
  <File Type="PA-TCL" Name="VGA_Camera_Display.tcl"/>
  <File Type="OPT-TIMING" Name="VGA_Camera_Display_timing_summary_opted.rpt"/>
  <File Type="OPT-DCP" Name="VGA_Camera_Display_opt.dcp"/>
  <File Type="ROUTE-PWR-SUM" Name="VGA_Camera_Display_power_summary_routed.pb"/>
  <File Type="REPORTS-TCL" Name="VGA_Camera_Display_reports.tcl"/>
  <File Type="OPT-DRC" Name="VGA_Camera_Display_drc_opted.rpt"/>
  <File Type="OPT-HWDEF" Name="VGA_Camera_Display.hwdef"/>
  <File Type="PWROPT-DCP" Name="VGA_Camera_Display_pwropt.dcp"/>
  <File Type="PWROPT-DRC" Name="VGA_Camera_Display_drc_pwropted.rpt"/>
  <File Type="PWROPT-TIMING" Name="VGA_Camera_Display_timing_summary_pwropted.rpt"/>
  <File Type="PLACE-DCP" Name="VGA_Camera_Display_placed.dcp"/>
  <File Type="PLACE-IO" Name="VGA_Camera_Display_io_placed.rpt"/>
  <File Type="PLACE-CLK" Name="VGA_Camera_Display_clock_utilization_placed.rpt"/>
  <File Type="PLACE-UTIL" Name="VGA_Camera_Display_utilization_placed.rpt"/>
  <File Type="PLACE-UTIL-PB" Name="VGA_Camera_Display_utilization_placed.pb"/>
  <File Type="PLACE-CTRL" Name="VGA_Camera_Display_control_sets_placed.rpt"/>
  <File Type="PLACE-SIMILARITY" Name="VGA_Camera_Display_incremental_reuse_placed.rpt"/>
  <File Type="PLACE-PRE-SIMILARITY" Name="VGA_Camera_Display_incremental_reuse_pre_placed.rpt"/>
  <File Type="PLACE-TIMING" Name="VGA_Camera_Display_timing_summary_placed.rpt"/>
  <File Type="POSTPLACE-PWROPT-DCP" Name="VGA_Camera_Display_postplace_pwropt.dcp"/>
  <File Type="BG-BIN" Name="VGA_Camera_Display.bin"/>
  <File Type="POSTPLACE-PWROPT-TIMING" Name="VGA_Camera_Display_timing_summary_postplace_pwropted.rpt"/>
  <File Type="PHYSOPT-DCP" Name="VGA_Camera_Display_physopt.dcp"/>
  <File Type="PHYSOPT-DRC" Name="VGA_Camera_Display_drc_physopted.rpt"/>
  <File Type="BITSTR-MSK" Name="VGA_Camera_Display.msk"/>
  <File Type="PHYSOPT-TIMING" Name="VGA_Camera_Display_timing_summary_physopted.rpt"/>
  <File Type="ROUTE-ERROR-DCP" Name="VGA_Camera_Display_routed_error.dcp"/>
  <File Type="ROUTE-DCP" Name="VGA_Camera_Display_routed.dcp"/>
  <File Type="ROUTE-BLACKBOX-DCP" Name="VGA_Camera_Display_routed_bb.dcp"/>
  <File Type="ROUTE-DRC" Name="VGA_Camera_Display_drc_routed.rpt"/>
  <File Type="ROUTE-DRC-PB" Name="VGA_Camera_Display_drc_routed.pb"/>
  <File Type="ROUTE-DRC-RPX" Name="VGA_Camera_Display_drc_routed.rpx"/>
  <File Type="BITSTR-MMI" Name="VGA_Camera_Display.mmi"/>
  <File Type="ROUTE-METHODOLOGY-DRC" Name="VGA_Camera_Display_methodology_drc_routed.rpt"/>
  <File Type="ROUTE-METHODOLOGY-DRC-RPX" Name="VGA_Camera_Display_methodology_drc_routed.rpx"/>
  <File Type="ROUTE-METHODOLOGY-DRC-PB" Name="VGA_Camera_Display_methodology_drc_routed.pb"/>
  <File Type="ROUTE-PWR-RPX" Name="VGA_Camera_Display_power_routed.rpx"/>
  <File Type="ROUTE-STATUS" Name="VGA_Camera_Display_route_status.rpt"/>
  <File Type="ROUTE-STATUS-PB" Name="VGA_Camera_Display_route_status.pb"/>
  <File Type="ROUTE-TIMINGSUMMARY" Name="VGA_Camera_Display_timing_summary_routed.rpt"/>
  <File Type="ROUTE-TIMING-PB" Name="VGA_Camera_Display_timing_summary_routed.pb"/>
  <File Type="ROUTE-TIMING-RPX" Name="VGA_Camera_Display_timing_summary_routed.rpx"/>
  <File Type="ROUTE-SIMILARITY" Name="VGA_Camera_Display_incremental_reuse_routed.rpt"/>
  <File Type="ROUTE-CLK" Name="VGA_Camera_Display_clock_utilization_routed.rpt"/>
  <File Type="ROUTE-BUS-SKEW" Name="VGA_Camera_Display_bus_skew_routed.rpt"/>
  <File Type="ROUTE-BUS-SKEW-PB" Name="VGA_Camera_Display_bus_skew_routed.pb"/>
  <File Type="ROUTE-BUS-SKEW-RPX" Name="VGA_Camera_Display_bus_skew_routed.rpx"/>
  <File Type="POSTROUTE-PHYSOPT-DCP" Name="VGA_Camera_Display_postroute_physopt.dcp"/>
  <File Type="POSTROUTE-PHYSOPT-BLACKBOX-DCP" Name="VGA_Camera_Display_postroute_physopt_bb.dcp"/>
  <File Type="POSTROUTE-PHYSOPT-TIMING" Name="VGA_Camera_Display_timing_summary_postroute_physopted.rpt"/>
  <File Type="POSTROUTE-PHYSOPT-TIMING-PB" Name="VGA_Camera_Display_timing_summary_postroute_physopted.pb"/>
  <File Type="POSTROUTE-PHYSOPT-TIMING-RPX" Name="VGA_Camera_Display_timing_summary_postroute_physopted.rpx"/>
  <File Type="POSTROUTE-PHYSOPT-BUS-SKEW" Name="VGA_Camera_Display_bus_skew_postroute_physopted.rpt"/>
  <File Type="POSTROUTE-PHYSOPT-BUS-SKEW-PB" Name="VGA_Camera_Display_bus_skew_postroute_physopted.pb"/>
  <File Type="BG-BIT" Name="VGA_Camera_Display.bit"/>
  <File Type="POSTROUTE-PHYSOPT-BUS-SKEW-RPX" Name="VGA_Camera_Display_bus_skew_postroute_physopted.rpx"/>
  <File Type="BITSTR-RBT" Name="VGA_Camera_Display.rbt"/>
  <File Type="BITSTR-NKY" Name="VGA_Camera_Display.nky"/>
  <File Type="PDI-FILE" Name="VGA_Camera_Display.pdi"/>
  <File Type="RCFI_FILE" Name="VGA_Camera_Display.rcfi"/>
  <File Type="CFI_FILE" Name="VGA_Camera_Display.cfi"/>
  <File Type="RNPI_FILE" Name="VGA_Camera_Display.rnpi"/>
  <File Type="NPI_FILE" Name="VGA_Camera_Display.npi"/>
  <File Type="RBD_FILE" Name="VGA_Camera_Display.rbd"/>
  <File Type="BITSTR-LTX" Name="debug_nets.ltx"/>
  <File Type="BITSTR-LTX" Name="VGA_Camera_Display.ltx"/>
  <File Type="BITSTR-SYSDEF" Name="VGA_Camera_Display.sysdef"/>
  <File Type="BG-BGN" Name="VGA_Camera_Display.bgn"/>
  <File Type="BG-DRC" Name="VGA_Camera_Display.drc"/>
  <File Type="RDI-RDI" Name="VGA_Camera_Display.vdi"/>
  <File Type="WBT-USG" Name="usage_statistics_webtalk.html"/>
  <FileSet Name="sources" Type="DesignSrcs" RelSrcDir="$PSRCDIR/sources_1" RelGenDir="$PGENDIR/sources_1">
    <Filter Type="Srcs"/>
    <File Path="$PSRCDIR/sources_1/imports/ov7670vga/GrayScaleFilter.sv">
      <FileInfo>
        <Attr Name="ImportPath" Val="$PPRDIR/../../Users/kccistc/Desktop/ov7670vga/GrayScaleFilter.sv"/>
        <Attr Name="ImportTime" Val="1757395398"/>
        <Attr Name="UsedIn" Val="synthesis"/>
        <Attr Name="UsedIn" Val="implementation"/>
        <Attr Name="UsedIn" Val="simulation"/>
      </FileInfo>
    </File>
    <File Path="$PSRCDIR/sources_1/new/Grid_Partition.sv">
      <FileInfo>
        <Attr Name="UsedIn" Val="synthesis"/>
        <Attr Name="UsedIn" Val="implementation"/>
        <Attr Name="UsedIn" Val="simulation"/>
      </FileInfo>
    </File>
    <File Path="$PSRCDIR/sources_1/imports/ov7670vga/OV7670_MemController.sv">
      <FileInfo>
        <Attr Name="ImportPath" Val="$PPRDIR/../../Users/kccistc/Desktop/ov7670vga/OV7670_MemController.sv"/>
        <Attr Name="ImportTime" Val="1757487002"/>
        <Attr Name="UsedIn" Val="synthesis"/>
        <Attr Name="UsedIn" Val="implementation"/>
        <Attr Name="UsedIn" Val="simulation"/>
      </FileInfo>
    </File>
    <File Path="$PSRCDIR/sources_1/new/RedGlove_Detector.sv">
      <FileInfo>
        <Attr Name="UsedIn" Val="synthesis"/>
        <Attr Name="UsedIn" Val="implementation"/>
        <Attr Name="UsedIn" Val="simulation"/>
      </FileInfo>
    </File>
    <File Path="$PSRCDIR/sources_1/imports/ov7670vga/VGA_Decoder.sv">
      <FileInfo>
        <Attr Name="ImportPath" Val="$PPRDIR/../../Users/kccistc/Desktop/ov7670vga/VGA_Decoder.sv"/>
        <Attr Name="ImportTime" Val="1757388193"/>
        <Attr Name="UsedIn" Val="synthesis"/>
        <Attr Name="UsedIn" Val="implementation"/>
        <Attr Name="UsedIn" Val="simulation"/>
      </FileInfo>
    </File>
    <File Path="$PSRCDIR/sources_1/imports/ov7670vga/VGA_MemController.sv">
      <FileInfo>
        <Attr Name="ImportPath" Val="$PPRDIR/../../Users/kccistc/Desktop/ov7670vga/VGA_MemController.sv"/>
        <Attr Name="ImportTime" Val="1757492934"/>
        <Attr Name="UsedIn" Val="synthesis"/>
        <Attr Name="UsedIn" Val="implementation"/>
        <Attr Name="UsedIn" Val="simulation"/>
      </FileInfo>
    </File>
    <File Path="$PSRCDIR/sources_1/new/btn_detector.sv">
      <FileInfo>
        <Attr Name="UsedIn" Val="synthesis"/>
        <Attr Name="UsedIn" Val="implementation"/>
        <Attr Name="UsedIn" Val="simulation"/>
      </FileInfo>
    </File>
    <File Path="$PSRCDIR/sources_1/imports/new/button_detector.sv">
      <FileInfo>
        <Attr Name="ImportPath" Val="$PPRDIR/../0912_btn_uart/0912_btn_uart.srcs/sources_1/imports/new/button_detector.sv"/>
        <Attr Name="ImportTime" Val="1754550803"/>
        <Attr Name="UsedIn" Val="synthesis"/>
        <Attr Name="UsedIn" Val="implementation"/>
        <Attr Name="UsedIn" Val="simulation"/>
      </FileInfo>
    </File>
    <File Path="$PSRCDIR/sources_1/imports/ov7670vga/frame_buffer.sv">
      <FileInfo>
        <Attr Name="ImportPath" Val="$PPRDIR/../../Users/kccistc/Desktop/ov7670vga/frame_buffer.sv"/>
        <Attr Name="ImportTime" Val="1757471115"/>
        <Attr Name="UsedIn" Val="synthesis"/>
        <Attr Name="UsedIn" Val="implementation"/>
        <Attr Name="UsedIn" Val="simulation"/>
      </FileInfo>
    </File>
    <File Path="$PSRCDIR/sources_1/new/select_grid.sv">
      <FileInfo>
        <Attr Name="UsedIn" Val="synthesis"/>
        <Attr Name="UsedIn" Val="implementation"/>
        <Attr Name="UsedIn" Val="simulation"/>
      </FileInfo>
    </File>
    <File Path="$PSRCDIR/sources_1/imports/new/uart.sv">
      <FileInfo>
        <Attr Name="ImportPath" Val="$PPRDIR/../hw_250808_uart_updowncounter/hw_250808_uart_updowncounter.srcs/sources_1/imports/AI_project/250808_uart/250808_uart.srcs/sources_1/new/uart.sv"/>
        <Attr Name="ImportTime" Val="1754644635"/>
        <Attr Name="UsedIn" Val="synthesis"/>
        <Attr Name="UsedIn" Val="implementation"/>
        <Attr Name="UsedIn" Val="simulation"/>
      </FileInfo>
    </File>
    <File Path="$PSRCDIR/sources_1/imports/ov7670vga/VGA_Camera_Display.sv">
      <FileInfo>
        <Attr Name="ImportPath" Val="$PPRDIR/../../Users/kccistc/Desktop/ov7670vga/VGA_Camera_Display.sv"/>
        <Attr Name="ImportTime" Val="1757492873"/>
        <Attr Name="UsedIn" Val="synthesis"/>
        <Attr Name="UsedIn" Val="implementation"/>
        <Attr Name="UsedIn" Val="simulation"/>
      </FileInfo>
    </File>
    <File Path="$PSRCDIR/sources_1/new/timer.sv">
      <FileInfo>
        <Attr Name="AutoDisabled" Val="1"/>
        <Attr Name="UsedIn" Val="synthesis"/>
        <Attr Name="UsedIn" Val="implementation"/>
        <Attr Name="UsedIn" Val="simulation"/>
      </FileInfo>
    </File>
    <Config>
      <Option Name="DesignMode" Val="RTL"/>
      <Option Name="TopModule" Val="VGA_Camera_Display"/>
      <Option Name="TopAutoSet" Val="TRUE"/>
    </Config>
  </FileSet>
  <FileSet Name="constrs_in" Type="Constrs" RelSrcDir="$PSRCDIR/constrs_1">
    <Filter Type="Constrs"/>
    <File Path="$PSRCDIR/constrs_1/imports/verilog/Basys-3-Master.xdc">
      <FileInfo>
        <Attr Name="ImportPath" Val="$PPRDIR/../250910_VGA_OV7670/250910_VGA_OV7670.srcs/constrs_1/imports/verilog/Basys-3-Master.xdc"/>
        <Attr Name="ImportTime" Val="1757489105"/>
        <Attr Name="UsedIn" Val="synthesis"/>
        <Attr Name="UsedIn" Val="implementation"/>
      </FileInfo>
    </File>
    <Config>
      <Option Name="ConstrsType" Val="XDC"/>
    </Config>
  </FileSet>
  <FileSet Name="utils" Type="Utils" RelSrcDir="$PSRCDIR/utils_1">
    <Filter Type="Utils"/>
    <Config>
      <Option Name="TopAutoSet" Val="TRUE"/>
    </Config>
  </FileSet>
  <Strategy Version="1" Minor="2">
    <StratHandle Name="Vivado Implementation Defaults" Flow="Vivado Implementation 2020"/>
    <Step Id="init_design"/>
    <Step Id="opt_design"/>
    <Step Id="power_opt_design"/>
    <Step Id="place_design"/>
    <Step Id="post_place_power_opt_design"/>
    <Step Id="phys_opt_design"/>
    <Step Id="route_design"/>
    <Step Id="post_route_phys_opt_design"/>
    <Step Id="write_bitstream"/>
  </Strategy>
</GenRun>
