<?xml version="1.0" encoding="UTF-8"?>
<GenRun Id="synth_1" LaunchPart="xc7a35tcpg236-1" LaunchTime="1757580398">
  <File Type="PA-TCL" Name="VGA_Camera_Display.tcl"/>
  <File Type="RDS-PROPCONSTRS" Name="VGA_Camera_Display_drc_synth.rpt"/>
  <File Type="REPORTS-TCL" Name="VGA_Camera_Display_reports.tcl"/>
  <File Type="RDS-RDS" Name="VGA_Camera_Display.vds"/>
  <File Type="RDS-UTIL" Name="VGA_Camera_Display_utilization_synth.rpt"/>
  <File Type="RDS-UTIL-PB" Name="VGA_Camera_Display_utilization_synth.pb"/>
  <File Type="RDS-DCP" Name="VGA_Camera_Display.dcp"/>
  <File Type="VDS-TIMINGSUMMARY" Name="VGA_Camera_Display_timing_summary_synth.rpt"/>
  <File Type="VDS-TIMING-PB" Name="VGA_Camera_Display_timing_summary_synth.pb"/>
  <FileSet Name="sources" Type="DesignSrcs" RelSrcDir="$PSRCDIR/sources_1" RelGenDir="$PGENDIR/sources_1">
    <Filter Type="Srcs"/>
    <File Path="$PSRCDIR/sources_1/imports/ov7670vga/GrayScaleFilter.sv">
      <FileInfo>
        <Attr Name="ImportPath" Val="$PPRDIR/../../Users/kccistc/Desktop/ov7670vga/GrayScaleFilter.sv"/>
        <Attr Name="ImportTime" Val="1757395398"/>
        <Attr Name="UsedIn" Val="synthesis"/>
        <Attr Name="UsedIn" Val="implementation"/>
        <Attr Name="UsedIn" Val="simulation"/>
      </FileInfo>
    </File>
    <File Path="$PSRCDIR/sources_1/new/Grid_Partition.sv">
      <FileInfo>
        <Attr Name="UsedIn" Val="synthesis"/>
        <Attr Name="UsedIn" Val="implementation"/>
        <Attr Name="UsedIn" Val="simulation"/>
      </FileInfo>
    </File>
    <File Path="$PSRCDIR/sources_1/imports/ov7670vga/OV7670_MemController.sv">
      <FileInfo>
        <Attr Name="ImportPath" Val="$PPRDIR/../../Users/kccistc/Desktop/ov7670vga/OV7670_MemController.sv"/>
        <Attr Name="ImportTime" Val="1757487002"/>
        <Attr Name="UsedIn" Val="synthesis"/>
        <Attr Name="UsedIn" Val="implementation"/>
        <Attr Name="UsedIn" Val="simulation"/>
      </FileInfo>
    </File>
    <File Path="$PSRCDIR/sources_1/new/RedGlove_Detector.sv">
      <FileInfo>
        <Attr Name="UsedIn" Val="synthesis"/>
        <Attr Name="UsedIn" Val="implementation"/>
        <Attr Name="UsedIn" Val="simulation"/>
      </FileInfo>
    </File>
    <File Path="$PSRCDIR/sources_1/imports/ov7670vga/VGA_Decoder.sv">
      <FileInfo>
        <Attr Name="ImportPath" Val="$PPRDIR/../../Users/kccistc/Desktop/ov7670vga/VGA_Decoder.sv"/>
        <Attr Name="ImportTime" Val="1757388193"/>
        <Attr Name="UsedIn" Val="synthesis"/>
        <Attr Name="UsedIn" Val="implementation"/>
        <Attr Name="UsedIn" Val="simulation"/>
      </FileInfo>
    </File>
    <File Path="$PSRCDIR/sources_1/imports/ov7670vga/VGA_MemController.sv">
      <FileInfo>
        <Attr Name="ImportPath" Val="$PPRDIR/../../Users/kccistc/Desktop/ov7670vga/VGA_MemController.sv"/>
        <Attr Name="ImportTime" Val="1757492934"/>
        <Attr Name="UsedIn" Val="synthesis"/>
        <Attr Name="UsedIn" Val="implementation"/>
        <Attr Name="UsedIn" Val="simulation"/>
      </FileInfo>
    </File>
    <File Path="$PSRCDIR/sources_1/imports/ov7670vga/frame_buffer.sv">
      <FileInfo>
        <Attr Name="ImportPath" Val="$PPRDIR/../../Users/kccistc/Desktop/ov7670vga/frame_buffer.sv"/>
        <Attr Name="ImportTime" Val="1757471115"/>
        <Attr Name="UsedIn" Val="synthesis"/>
        <Attr Name="UsedIn" Val="implementation"/>
        <Attr Name="UsedIn" Val="simulation"/>
      </FileInfo>
    </File>
    <File Path="$PSRCDIR/sources_1/new/select_grid.sv">
      <FileInfo>
        <Attr Name="UsedIn" Val="synthesis"/>
        <Attr Name="UsedIn" Val="implementation"/>
        <Attr Name="UsedIn" Val="simulation"/>
      </FileInfo>
    </File>
    <File Path="$PSRCDIR/sources_1/imports/new/uart.sv">
      <FileInfo>
        <Attr Name="ImportPath" Val="$PPRDIR/../hw_250808_uart_updowncounter/hw_250808_uart_updowncounter.srcs/sources_1/imports/AI_project/250808_uart/250808_uart.srcs/sources_1/new/uart.sv"/>
        <Attr Name="ImportTime" Val="1754644635"/>
        <Attr Name="UsedIn" Val="synthesis"/>
        <Attr Name="UsedIn" Val="implementation"/>
        <Attr Name="UsedIn" Val="simulation"/>
      </FileInfo>
    </File>
    <File Path="$PSRCDIR/sources_1/imports/ov7670vga/VGA_Camera_Display.sv">
      <FileInfo>
        <Attr Name="ImportPath" Val="$PPRDIR/../../Users/kccistc/Desktop/ov7670vga/VGA_Camera_Display.sv"/>
        <Attr Name="ImportTime" Val="1757492873"/>
        <Attr Name="UsedIn" Val="synthesis"/>
        <Attr Name="UsedIn" Val="implementation"/>
        <Attr Name="UsedIn" Val="simulation"/>
      </FileInfo>
    </File>
    <File Path="$PSRCDIR/sources_1/new/timer.sv">
      <FileInfo>
        <Attr Name="AutoDisabled" Val="1"/>
        <Attr Name="UsedIn" Val="synthesis"/>
        <Attr Name="UsedIn" Val="implementation"/>
        <Attr Name="UsedIn" Val="simulation"/>
      </FileInfo>
    </File>
    <Config>
      <Option Name="DesignMode" Val="RTL"/>
      <Option Name="TopModule" Val="VGA_Camera_Display"/>
      <Option Name="TopAutoSet" Val="TRUE"/>
    </Config>
  </FileSet>
  <FileSet Name="constrs_in" Type="Constrs" RelSrcDir="$PSRCDIR/constrs_1">
    <Filter Type="Constrs"/>
    <File Path="$PSRCDIR/constrs_1/imports/verilog/Basys-3-Master.xdc">
      <FileInfo>
        <Attr Name="ImportPath" Val="$PPRDIR/../250910_VGA_OV7670/250910_VGA_OV7670.srcs/constrs_1/imports/verilog/Basys-3-Master.xdc"/>
        <Attr Name="ImportTime" Val="1757489105"/>
        <Attr Name="UsedIn" Val="synthesis"/>
        <Attr Name="UsedIn" Val="implementation"/>
      </FileInfo>
    </File>
    <Config>
      <Option Name="ConstrsType" Val="XDC"/>
    </Config>
  </FileSet>
  <FileSet Name="utils" Type="Utils" RelSrcDir="$PSRCDIR/utils_1">
    <Filter Type="Utils"/>
    <Config>
      <Option Name="TopAutoSet" Val="TRUE"/>
    </Config>
  </FileSet>
  <Strategy Version="1" Minor="2">
    <StratHandle Name="Vivado Synthesis Defaults" Flow="Vivado Synthesis 2020"/>
    <Step Id="synth_design"/>
  </Strategy>
</GenRun>
