<?xml version="1.0" encoding="UTF-8"?>
<spirit:component xmlns:xilinx="http://www.xilinx.com" xmlns:spirit="http://www.spiritconsortium.org/XMLSchema/SPIRIT/1685-2009" xmlns:xsi="http://www.w3.org/2001/XMLSchema-instance">
  <spirit:vendor>xilinx.com</spirit:vendor>
  <spirit:library>customized_ip</spirit:library>
  <spirit:name>design_1_Btn_detector_0_3</spirit:name>
  <spirit:version>1.0</spirit:version>
  <spirit:busInterfaces>
    <spirit:busInterface>
      <spirit:name>S00_AXI</spirit:name>
      <spirit:busType spirit:vendor="xilinx.com" spirit:library="interface" spirit:name="aximm" spirit:version="1.0"/>
      <spirit:abstractionType spirit:vendor="xilinx.com" spirit:library="interface" spirit:name="aximm_rtl" spirit:version="1.0"/>
      <spirit:slave>
        <spirit:memoryMapRef spirit:memoryMapRef="S00_AXI"/>
      </spirit:slave>
      <spirit:portMaps>
        <spirit:portMap>
          <spirit:logicalPort>
            <spirit:name>AWADDR</spirit:name>
          </spirit:logicalPort>
          <spirit:physicalPort>
            <spirit:name>s00_axi_awaddr</spirit:name>
          </spirit:physicalPort>
        </spirit:portMap>
        <spirit:portMap>
          <spirit:logicalPort>
            <spirit:name>AWPROT</spirit:name>
          </spirit:logicalPort>
          <spirit:physicalPort>
            <spirit:name>s00_axi_awprot</spirit:name>
          </spirit:physicalPort>
        </spirit:portMap>
        <spirit:portMap>
          <spirit:logicalPort>
            <spirit:name>AWVALID</spirit:name>
          </spirit:logicalPort>
          <spirit:physicalPort>
            <spirit:name>s00_axi_awvalid</spirit:name>
          </spirit:physicalPort>
        </spirit:portMap>
        <spirit:portMap>
          <spirit:logicalPort>
            <spirit:name>AWREADY</spirit:name>
          </spirit:logicalPort>
          <spirit:physicalPort>
            <spirit:name>s00_axi_awready</spirit:name>
          </spirit:physicalPort>
        </spirit:portMap>
        <spirit:portMap>
          <spirit:logicalPort>
            <spirit:name>WDATA</spirit:name>
          </spirit:logicalPort>
          <spirit:physicalPort>
            <spirit:name>s00_axi_wdata</spirit:name>
          </spirit:physicalPort>
        </spirit:portMap>
        <spirit:portMap>
          <spirit:logicalPort>
            <spirit:name>WSTRB</spirit:name>
          </spirit:logicalPort>
          <spirit:physicalPort>
            <spirit:name>s00_axi_wstrb</spirit:name>
          </spirit:physicalPort>
        </spirit:portMap>
        <spirit:portMap>
          <spirit:logicalPort>
            <spirit:name>WVALID</spirit:name>
          </spirit:logicalPort>
          <spirit:physicalPort>
            <spirit:name>s00_axi_wvalid</spirit:name>
          </spirit:physicalPort>
        </spirit:portMap>
        <spirit:portMap>
          <spirit:logicalPort>
            <spirit:name>WREADY</spirit:name>
          </spirit:logicalPort>
          <spirit:physicalPort>
            <spirit:name>s00_axi_wready</spirit:name>
          </spirit:physicalPort>
        </spirit:portMap>
        <spirit:portMap>
          <spirit:logicalPort>
            <spirit:name>BRESP</spirit:name>
          </spirit:logicalPort>
          <spirit:physicalPort>
            <spirit:name>s00_axi_bresp</spirit:name>
          </spirit:physicalPort>
        </spirit:portMap>
        <spirit:portMap>
          <spirit:logicalPort>
            <spirit:name>BVALID</spirit:name>
          </spirit:logicalPort>
          <spirit:physicalPort>
            <spirit:name>s00_axi_bvalid</spirit:name>
          </spirit:physicalPort>
        </spirit:portMap>
        <spirit:portMap>
          <spirit:logicalPort>
            <spirit:name>BREADY</spirit:name>
          </spirit:logicalPort>
          <spirit:physicalPort>
            <spirit:name>s00_axi_bready</spirit:name>
          </spirit:physicalPort>
        </spirit:portMap>
        <spirit:portMap>
          <spirit:logicalPort>
            <spirit:name>ARADDR</spirit:name>
          </spirit:logicalPort>
          <spirit:physicalPort>
            <spirit:name>s00_axi_araddr</spirit:name>
          </spirit:physicalPort>
        </spirit:portMap>
        <spirit:portMap>
          <spirit:logicalPort>
            <spirit:name>ARPROT</spirit:name>
          </spirit:logicalPort>
          <spirit:physicalPort>
            <spirit:name>s00_axi_arprot</spirit:name>
          </spirit:physicalPort>
        </spirit:portMap>
        <spirit:portMap>
          <spirit:logicalPort>
            <spirit:name>ARVALID</spirit:name>
          </spirit:logicalPort>
          <spirit:physicalPort>
            <spirit:name>s00_axi_arvalid</spirit:name>
          </spirit:physicalPort>
        </spirit:portMap>
        <spirit:portMap>
          <spirit:logicalPort>
            <spirit:name>ARREADY</spirit:name>
          </spirit:logicalPort>
          <spirit:physicalPort>
            <spirit:name>s00_axi_arready</spirit:name>
          </spirit:physicalPort>
        </spirit:portMap>
        <spirit:portMap>
          <spirit:logicalPort>
            <spirit:name>RDATA</spirit:name>
          </spirit:logicalPort>
          <spirit:physicalPort>
            <spirit:name>s00_axi_rdata</spirit:name>
          </spirit:physicalPort>
        </spirit:portMap>
        <spirit:portMap>
          <spirit:logicalPort>
            <spirit:name>RRESP</spirit:name>
          </spirit:logicalPort>
          <spirit:physicalPort>
            <spirit:name>s00_axi_rresp</spirit:name>
          </spirit:physicalPort>
        </spirit:portMap>
        <spirit:portMap>
          <spirit:logicalPort>
            <spirit:name>RVALID</spirit:name>
          </spirit:logicalPort>
          <spirit:physicalPort>
            <spirit:name>s00_axi_rvalid</spirit:name>
          </spirit:physicalPort>
        </spirit:portMap>
        <spirit:portMap>
          <spirit:logicalPort>
            <spirit:name>RREADY</spirit:name>
          </spirit:logicalPort>
          <spirit:physicalPort>
            <spirit:name>s00_axi_rready</spirit:name>
          </spirit:physicalPort>
        </spirit:portMap>
      </spirit:portMaps>
      <spirit:parameters>
        <spirit:parameter>
          <spirit:name>WIZ_DATA_WIDTH</spirit:name>
          <spirit:value spirit:format="long" spirit:id="BUSIFPARAM_VALUE.S00_AXI.WIZ_DATA_WIDTH" spirit:choiceRef="choice_list_6fc15197">32</spirit:value>
        </spirit:parameter>
        <spirit:parameter>
          <spirit:name>WIZ_NUM_REG</spirit:name>
          <spirit:value spirit:format="long" spirit:id="BUSIFPARAM_VALUE.S00_AXI.WIZ_NUM_REG" spirit:minimum="4" spirit:maximum="512" spirit:rangeType="long">4</spirit:value>
        </spirit:parameter>
        <spirit:parameter>
          <spirit:name>SUPPORTS_NARROW_BURST</spirit:name>
          <spirit:value spirit:format="long" spirit:id="BUSIFPARAM_VALUE.S00_AXI.SUPPORTS_NARROW_BURST" spirit:choiceRef="choice_pairs_ce1226b1">0</spirit:value>
        </spirit:parameter>
        <spirit:parameter>
          <spirit:name>DATA_WIDTH</spirit:name>
          <spirit:value spirit:format="long" spirit:resolve="generated" spirit:id="BUSIFPARAM_VALUE.S00_AXI.DATA_WIDTH">32</spirit:value>
          <spirit:vendorExtensions>
            <xilinx:parameterInfo>
              <xilinx:parameterUsage>none</xilinx:parameterUsage>
            </xilinx:parameterInfo>
          </spirit:vendorExtensions>
        </spirit:parameter>
        <spirit:parameter>
          <spirit:name>PROTOCOL</spirit:name>
          <spirit:value spirit:resolve="generated" spirit:id="BUSIFPARAM_VALUE.S00_AXI.PROTOCOL">AXI4LITE</spirit:value>
          <spirit:vendorExtensions>
            <xilinx:parameterInfo>
              <xilinx:parameterUsage>none</xilinx:parameterUsage>
            </xilinx:parameterInfo>
          </spirit:vendorExtensions>
        </spirit:parameter>
        <spirit:parameter>
          <spirit:name>FREQ_HZ</spirit:name>
          <spirit:value spirit:format="long" spirit:resolve="generated" spirit:id="BUSIFPARAM_VALUE.S00_AXI.FREQ_HZ">100000000</spirit:value>
          <spirit:vendorExtensions>
            <xilinx:parameterInfo>
              <xilinx:parameterUsage>none</xilinx:parameterUsage>
            </xilinx:parameterInfo>
          </spirit:vendorExtensions>
        </spirit:parameter>
        <spirit:parameter>
          <spirit:name>ID_WIDTH</spirit:name>
          <spirit:value spirit:format="long" spirit:resolve="generated" spirit:id="BUSIFPARAM_VALUE.S00_AXI.ID_WIDTH">0</spirit:value>
          <spirit:vendorExtensions>
            <xilinx:parameterInfo>
              <xilinx:parameterUsage>none</xilinx:parameterUsage>
            </xilinx:parameterInfo>
          </spirit:vendorExtensions>
        </spirit:parameter>
        <spirit:parameter>
          <spirit:name>ADDR_WIDTH</spirit:name>
          <spirit:value spirit:format="long" spirit:resolve="generated" spirit:id="BUSIFPARAM_VALUE.S00_AXI.ADDR_WIDTH">4</spirit:value>
          <spirit:vendorExtensions>
            <xilinx:parameterInfo>
              <xilinx:parameterUsage>none</xilinx:parameterUsage>
            </xilinx:parameterInfo>
          </spirit:vendorExtensions>
        </spirit:parameter>
        <spirit:parameter>
          <spirit:name>AWUSER_WIDTH</spirit:name>
          <spirit:value spirit:format="long" spirit:resolve="generated" spirit:id="BUSIFPARAM_VALUE.S00_AXI.AWUSER_WIDTH">0</spirit:value>
          <spirit:vendorExtensions>
            <xilinx:parameterInfo>
              <xilinx:parameterUsage>none</xilinx:parameterUsage>
            </xilinx:parameterInfo>
          </spirit:vendorExtensions>
        </spirit:parameter>
        <spirit:parameter>
          <spirit:name>ARUSER_WIDTH</spirit:name>
          <spirit:value spirit:format="long" spirit:resolve="generated" spirit:id="BUSIFPARAM_VALUE.S00_AXI.ARUSER_WIDTH">0</spirit:value>
          <spirit:vendorExtensions>
            <xilinx:parameterInfo>
              <xilinx:parameterUsage>none</xilinx:parameterUsage>
            </xilinx:parameterInfo>
          </spirit:vendorExtensions>
        </spirit:parameter>
        <spirit:parameter>
          <spirit:name>WUSER_WIDTH</spirit:name>
          <spirit:value spirit:format="long" spirit:resolve="generated" spirit:id="BUSIFPARAM_VALUE.S00_AXI.WUSER_WIDTH">0</spirit:value>
          <spirit:vendorExtensions>
            <xilinx:parameterInfo>
              <xilinx:parameterUsage>none</xilinx:parameterUsage>
            </xilinx:parameterInfo>
          </spirit:vendorExtensions>
        </spirit:parameter>
        <spirit:parameter>
          <spirit:name>RUSER_WIDTH</spirit:name>
          <spirit:value spirit:format="long" spirit:resolve="generated" spirit:id="BUSIFPARAM_VALUE.S00_AXI.RUSER_WIDTH">0</spirit:value>
          <spirit:vendorExtensions>
            <xilinx:parameterInfo>
              <xilinx:parameterUsage>none</xilinx:parameterUsage>
            </xilinx:parameterInfo>
          </spirit:vendorExtensions>
        </spirit:parameter>
        <spirit:parameter>
          <spirit:name>BUSER_WIDTH</spirit:name>
          <spirit:value spirit:format="long" spirit:resolve="generated" spirit:id="BUSIFPARAM_VALUE.S00_AXI.BUSER_WIDTH">0</spirit:value>
          <spirit:vendorExtensions>
            <xilinx:parameterInfo>
              <xilinx:parameterUsage>none</xilinx:parameterUsage>
            </xilinx:parameterInfo>
          </spirit:vendorExtensions>
        </spirit:parameter>
        <spirit:parameter>
          <spirit:name>READ_WRITE_MODE</spirit:name>
          <spirit:value spirit:resolve="generated" spirit:id="BUSIFPARAM_VALUE.S00_AXI.READ_WRITE_MODE">READ_WRITE</spirit:value>
          <spirit:vendorExtensions>
            <xilinx:parameterInfo>
              <xilinx:parameterUsage>none</xilinx:parameterUsage>
            </xilinx:parameterInfo>
          </spirit:vendorExtensions>
        </spirit:parameter>
        <spirit:parameter>
          <spirit:name>HAS_BURST</spirit:name>
          <spirit:value spirit:format="long" spirit:resolve="generated" spirit:id="BUSIFPARAM_VALUE.S00_AXI.HAS_BURST">0</spirit:value>
          <spirit:vendorExtensions>
            <xilinx:parameterInfo>
              <xilinx:parameterUsage>none</xilinx:parameterUsage>
            </xilinx:parameterInfo>
          </spirit:vendorExtensions>
        </spirit:parameter>
        <spirit:parameter>
          <spirit:name>HAS_LOCK</spirit:name>
          <spirit:value spirit:format="long" spirit:resolve="generated" spirit:id="BUSIFPARAM_VALUE.S00_AXI.HAS_LOCK">0</spirit:value>
          <spirit:vendorExtensions>
            <xilinx:parameterInfo>
              <xilinx:parameterUsage>none</xilinx:parameterUsage>
            </xilinx:parameterInfo>
          </spirit:vendorExtensions>
        </spirit:parameter>
        <spirit:parameter>
          <spirit:name>HAS_PROT</spirit:name>
          <spirit:value spirit:format="long" spirit:resolve="generated" spirit:id="BUSIFPARAM_VALUE.S00_AXI.HAS_PROT">1</spirit:value>
          <spirit:vendorExtensions>
            <xilinx:parameterInfo>
              <xilinx:parameterUsage>none</xilinx:parameterUsage>
            </xilinx:parameterInfo>
          </spirit:vendorExtensions>
        </spirit:parameter>
        <spirit:parameter>
          <spirit:name>HAS_CACHE</spirit:name>
          <spirit:value spirit:format="long" spirit:resolve="generated" spirit:id="BUSIFPARAM_VALUE.S00_AXI.HAS_CACHE">0</spirit:value>
          <spirit:vendorExtensions>
            <xilinx:parameterInfo>
              <xilinx:parameterUsage>none</xilinx:parameterUsage>
            </xilinx:parameterInfo>
          </spirit:vendorExtensions>
        </spirit:parameter>
        <spirit:parameter>
          <spirit:name>HAS_QOS</spirit:name>
          <spirit:value spirit:format="long" spirit:resolve="generated" spirit:id="BUSIFPARAM_VALUE.S00_AXI.HAS_QOS">0</spirit:value>
          <spirit:vendorExtensions>
            <xilinx:parameterInfo>
              <xilinx:parameterUsage>none</xilinx:parameterUsage>
            </xilinx:parameterInfo>
          </spirit:vendorExtensions>
        </spirit:parameter>
        <spirit:parameter>
          <spirit:name>HAS_REGION</spirit:name>
          <spirit:value spirit:format="long" spirit:resolve="generated" spirit:id="BUSIFPARAM_VALUE.S00_AXI.HAS_REGION">0</spirit:value>
          <spirit:vendorExtensions>
            <xilinx:parameterInfo>
              <xilinx:parameterUsage>none</xilinx:parameterUsage>
            </xilinx:parameterInfo>
          </spirit:vendorExtensions>
        </spirit:parameter>
        <spirit:parameter>
          <spirit:name>HAS_WSTRB</spirit:name>
          <spirit:value spirit:format="long" spirit:resolve="generated" spirit:id="BUSIFPARAM_VALUE.S00_AXI.HAS_WSTRB">1</spirit:value>
          <spirit:vendorExtensions>
            <xilinx:parameterInfo>
              <xilinx:parameterUsage>none</xilinx:parameterUsage>
            </xilinx:parameterInfo>
          </spirit:vendorExtensions>
        </spirit:parameter>
        <spirit:parameter>
          <spirit:name>HAS_BRESP</spirit:name>
          <spirit:value spirit:format="long" spirit:resolve="generated" spirit:id="BUSIFPARAM_VALUE.S00_AXI.HAS_BRESP">1</spirit:value>
          <spirit:vendorExtensions>
            <xilinx:parameterInfo>
              <xilinx:parameterUsage>none</xilinx:parameterUsage>
            </xilinx:parameterInfo>
          </spirit:vendorExtensions>
        </spirit:parameter>
        <spirit:parameter>
          <spirit:name>HAS_RRESP</spirit:name>
          <spirit:value spirit:format="long" spirit:resolve="generated" spirit:id="BUSIFPARAM_VALUE.S00_AXI.HAS_RRESP">1</spirit:value>
          <spirit:vendorExtensions>
            <xilinx:parameterInfo>
              <xilinx:parameterUsage>none</xilinx:parameterUsage>
            </xilinx:parameterInfo>
          </spirit:vendorExtensions>
        </spirit:parameter>
        <spirit:parameter>
          <spirit:name>NUM_READ_OUTSTANDING</spirit:name>
          <spirit:value spirit:format="long" spirit:resolve="generated" spirit:id="BUSIFPARAM_VALUE.S00_AXI.NUM_READ_OUTSTANDING">2</spirit:value>
          <spirit:vendorExtensions>
            <xilinx:parameterInfo>
              <xilinx:parameterUsage>none</xilinx:parameterUsage>
            </xilinx:parameterInfo>
          </spirit:vendorExtensions>
        </spirit:parameter>
        <spirit:parameter>
          <spirit:name>NUM_WRITE_OUTSTANDING</spirit:name>
          <spirit:value spirit:format="long" spirit:resolve="generated" spirit:id="BUSIFPARAM_VALUE.S00_AXI.NUM_WRITE_OUTSTANDING">2</spirit:value>
          <spirit:vendorExtensions>
            <xilinx:parameterInfo>
              <xilinx:parameterUsage>none</xilinx:parameterUsage>
            </xilinx:parameterInfo>
          </spirit:vendorExtensions>
        </spirit:parameter>
        <spirit:parameter>
          <spirit:name>MAX_BURST_LENGTH</spirit:name>
          <spirit:value spirit:format="long" spirit:resolve="generated" spirit:id="BUSIFPARAM_VALUE.S00_AXI.MAX_BURST_LENGTH">1</spirit:value>
          <spirit:vendorExtensions>
            <xilinx:parameterInfo>
              <xilinx:parameterUsage>none</xilinx:parameterUsage>
            </xilinx:parameterInfo>
          </spirit:vendorExtensions>
        </spirit:parameter>
        <spirit:parameter>
          <spirit:name>PHASE</spirit:name>
          <spirit:value spirit:format="float" spirit:resolve="generated" spirit:id="BUSIFPARAM_VALUE.S00_AXI.PHASE">0.0</spirit:value>
          <spirit:vendorExtensions>
            <xilinx:parameterInfo>
              <xilinx:parameterUsage>none</xilinx:parameterUsage>
            </xilinx:parameterInfo>
          </spirit:vendorExtensions>
        </spirit:parameter>
        <spirit:parameter>
          <spirit:name>CLK_DOMAIN</spirit:name>
          <spirit:value spirit:resolve="generated" spirit:id="BUSIFPARAM_VALUE.S00_AXI.CLK_DOMAIN">/clk_wiz_1_clk_out1</spirit:value>
          <spirit:vendorExtensions>
            <xilinx:parameterInfo>
              <xilinx:parameterUsage>none</xilinx:parameterUsage>
            </xilinx:parameterInfo>
          </spirit:vendorExtensions>
        </spirit:parameter>
        <spirit:parameter>
          <spirit:name>NUM_READ_THREADS</spirit:name>
          <spirit:value spirit:format="long" spirit:resolve="generated" spirit:id="BUSIFPARAM_VALUE.S00_AXI.NUM_READ_THREADS">1</spirit:value>
          <spirit:vendorExtensions>
            <xilinx:parameterInfo>
              <xilinx:parameterUsage>none</xilinx:parameterUsage>
            </xilinx:parameterInfo>
          </spirit:vendorExtensions>
        </spirit:parameter>
        <spirit:parameter>
          <spirit:name>NUM_WRITE_THREADS</spirit:name>
          <spirit:value spirit:format="long" spirit:resolve="generated" spirit:id="BUSIFPARAM_VALUE.S00_AXI.NUM_WRITE_THREADS">1</spirit:value>
          <spirit:vendorExtensions>
            <xilinx:parameterInfo>
              <xilinx:parameterUsage>none</xilinx:parameterUsage>
            </xilinx:parameterInfo>
          </spirit:vendorExtensions>
        </spirit:parameter>
        <spirit:parameter>
          <spirit:name>RUSER_BITS_PER_BYTE</spirit:name>
          <spirit:value spirit:format="long" spirit:resolve="generated" spirit:id="BUSIFPARAM_VALUE.S00_AXI.RUSER_BITS_PER_BYTE">0</spirit:value>
          <spirit:vendorExtensions>
            <xilinx:parameterInfo>
              <xilinx:parameterUsage>none</xilinx:parameterUsage>
            </xilinx:parameterInfo>
          </spirit:vendorExtensions>
        </spirit:parameter>
        <spirit:parameter>
          <spirit:name>WUSER_BITS_PER_BYTE</spirit:name>
          <spirit:value spirit:format="long" spirit:resolve="generated" spirit:id="BUSIFPARAM_VALUE.S00_AXI.WUSER_BITS_PER_BYTE">0</spirit:value>
          <spirit:vendorExtensions>
            <xilinx:parameterInfo>
              <xilinx:parameterUsage>none</xilinx:parameterUsage>
            </xilinx:parameterInfo>
          </spirit:vendorExtensions>
        </spirit:parameter>
        <spirit:parameter>
          <spirit:name>INSERT_VIP</spirit:name>
          <spirit:value spirit:format="long" spirit:resolve="user" spirit:id="BUSIFPARAM_VALUE.S00_AXI.INSERT_VIP">0</spirit:value>
          <spirit:vendorExtensions>
            <xilinx:parameterInfo>
              <xilinx:parameterUsage>simulation.rtl</xilinx:parameterUsage>
            </xilinx:parameterInfo>
          </spirit:vendorExtensions>
        </spirit:parameter>
      </spirit:parameters>
    </spirit:busInterface>
    <spirit:busInterface>
      <spirit:name>S00_AXI_RST</spirit:name>
      <spirit:busType spirit:vendor="xilinx.com" spirit:library="signal" spirit:name="reset" spirit:version="1.0"/>
      <spirit:abstractionType spirit:vendor="xilinx.com" spirit:library="signal" spirit:name="reset_rtl" spirit:version="1.0"/>
      <spirit:slave/>
      <spirit:portMaps>
        <spirit:portMap>
          <spirit:logicalPort>
            <spirit:name>RST</spirit:name>
          </spirit:logicalPort>
          <spirit:physicalPort>
            <spirit:name>s00_axi_aresetn</spirit:name>
          </spirit:physicalPort>
        </spirit:portMap>
      </spirit:portMaps>
      <spirit:parameters>
        <spirit:parameter>
          <spirit:name>POLARITY</spirit:name>
          <spirit:value spirit:id="BUSIFPARAM_VALUE.S00_AXI_RST.POLARITY" spirit:choiceRef="choice_list_9d8b0d81">ACTIVE_LOW</spirit:value>
        </spirit:parameter>
        <spirit:parameter>
          <spirit:name>INSERT_VIP</spirit:name>
          <spirit:value spirit:format="long" spirit:resolve="user" spirit:id="BUSIFPARAM_VALUE.S00_AXI_RST.INSERT_VIP">0</spirit:value>
          <spirit:vendorExtensions>
            <xilinx:parameterInfo>
              <xilinx:parameterUsage>simulation.rtl</xilinx:parameterUsage>
            </xilinx:parameterInfo>
          </spirit:vendorExtensions>
        </spirit:parameter>
      </spirit:parameters>
    </spirit:busInterface>
    <spirit:busInterface>
      <spirit:name>S00_AXI_CLK</spirit:name>
      <spirit:busType spirit:vendor="xilinx.com" spirit:library="signal" spirit:name="clock" spirit:version="1.0"/>
      <spirit:abstractionType spirit:vendor="xilinx.com" spirit:library="signal" spirit:name="clock_rtl" spirit:version="1.0"/>
      <spirit:slave/>
      <spirit:portMaps>
        <spirit:portMap>
          <spirit:logicalPort>
            <spirit:name>CLK</spirit:name>
          </spirit:logicalPort>
          <spirit:physicalPort>
            <spirit:name>s00_axi_aclk</spirit:name>
          </spirit:physicalPort>
        </spirit:portMap>
      </spirit:portMaps>
      <spirit:parameters>
        <spirit:parameter>
          <spirit:name>ASSOCIATED_BUSIF</spirit:name>
          <spirit:value spirit:id="BUSIFPARAM_VALUE.S00_AXI_CLK.ASSOCIATED_BUSIF">S00_AXI</spirit:value>
        </spirit:parameter>
        <spirit:parameter>
          <spirit:name>ASSOCIATED_RESET</spirit:name>
          <spirit:value spirit:id="BUSIFPARAM_VALUE.S00_AXI_CLK.ASSOCIATED_RESET">s00_axi_aresetn</spirit:value>
        </spirit:parameter>
        <spirit:parameter>
          <spirit:name>FREQ_HZ</spirit:name>
          <spirit:value spirit:format="long" spirit:resolve="generated" spirit:id="BUSIFPARAM_VALUE.S00_AXI_CLK.FREQ_HZ">100000000</spirit:value>
          <spirit:vendorExtensions>
            <xilinx:parameterInfo>
              <xilinx:parameterUsage>none</xilinx:parameterUsage>
            </xilinx:parameterInfo>
          </spirit:vendorExtensions>
        </spirit:parameter>
        <spirit:parameter>
          <spirit:name>FREQ_TOLERANCE_HZ</spirit:name>
          <spirit:value spirit:format="long" spirit:resolve="generated" spirit:id="BUSIFPARAM_VALUE.S00_AXI_CLK.FREQ_TOLERANCE_HZ">0</spirit:value>
          <spirit:vendorExtensions>
            <xilinx:parameterInfo>
              <xilinx:parameterUsage>none</xilinx:parameterUsage>
            </xilinx:parameterInfo>
          </spirit:vendorExtensions>
        </spirit:parameter>
        <spirit:parameter>
          <spirit:name>PHASE</spirit:name>
          <spirit:value spirit:format="float" spirit:resolve="generated" spirit:id="BUSIFPARAM_VALUE.S00_AXI_CLK.PHASE">0.0</spirit:value>
          <spirit:vendorExtensions>
            <xilinx:parameterInfo>
              <xilinx:parameterUsage>none</xilinx:parameterUsage>
            </xilinx:parameterInfo>
          </spirit:vendorExtensions>
        </spirit:parameter>
        <spirit:parameter>
          <spirit:name>CLK_DOMAIN</spirit:name>
          <spirit:value spirit:resolve="generated" spirit:id="BUSIFPARAM_VALUE.S00_AXI_CLK.CLK_DOMAIN">/clk_wiz_1_clk_out1</spirit:value>
          <spirit:vendorExtensions>
            <xilinx:parameterInfo>
              <xilinx:parameterUsage>none</xilinx:parameterUsage>
            </xilinx:parameterInfo>
          </spirit:vendorExtensions>
        </spirit:parameter>
        <spirit:parameter>
          <spirit:name>INSERT_VIP</spirit:name>
          <spirit:value spirit:format="long" spirit:resolve="user" spirit:id="BUSIFPARAM_VALUE.S00_AXI_CLK.INSERT_VIP">0</spirit:value>
          <spirit:vendorExtensions>
            <xilinx:parameterInfo>
              <xilinx:parameterUsage>simulation.rtl</xilinx:parameterUsage>
            </xilinx:parameterInfo>
          </spirit:vendorExtensions>
        </spirit:parameter>
      </spirit:parameters>
    </spirit:busInterface>
  </spirit:busInterfaces>
  <spirit:memoryMaps>
    <spirit:memoryMap>
      <spirit:name>S00_AXI</spirit:name>
      <spirit:addressBlock>
        <spirit:name>S00_AXI_reg</spirit:name>
        <spirit:baseAddress spirit:format="long" spirit:resolve="user">0</spirit:baseAddress>
        <spirit:range spirit:format="long">4096</spirit:range>
        <spirit:width spirit:format="long">32</spirit:width>
        <spirit:usage>register</spirit:usage>
        <spirit:parameters>
          <spirit:parameter>
            <spirit:name>OFFSET_BASE_PARAM</spirit:name>
            <spirit:value spirit:id="ADDRBLOCKPARAM_VALUE.S00_AXI.S00_AXI_REG.OFFSET_BASE_PARAM">C_S00_AXI_BASEADDR</spirit:value>
          </spirit:parameter>
          <spirit:parameter>
            <spirit:name>OFFSET_HIGH_PARAM</spirit:name>
            <spirit:value spirit:id="ADDRBLOCKPARAM_VALUE.S00_AXI.S00_AXI_REG.OFFSET_HIGH_PARAM">C_S00_AXI_HIGHADDR</spirit:value>
          </spirit:parameter>
        </spirit:parameters>
      </spirit:addressBlock>
    </spirit:memoryMap>
  </spirit:memoryMaps>
  <spirit:model>
    <spirit:views>
      <spirit:view>
        <spirit:name>xilinx_verilogsynthesis</spirit:name>
        <spirit:displayName>Verilog Synthesis</spirit:displayName>
        <spirit:envIdentifier>verilogSource:vivado.xilinx.com:synthesis</spirit:envIdentifier>
        <spirit:language>verilog</spirit:language>
        <spirit:modelName>Btn_detector_v1_0</spirit:modelName>
        <spirit:fileSetRef>
          <spirit:localName>xilinx_verilogsynthesis_view_fileset</spirit:localName>
        </spirit:fileSetRef>
        <spirit:parameters>
          <spirit:parameter>
            <spirit:name>GENtimestamp</spirit:name>
            <spirit:value>Fri Sep 19 00:00:19 UTC 2025</spirit:value>
          </spirit:parameter>
          <spirit:parameter>
            <spirit:name>outputProductCRC</spirit:name>
            <spirit:value>9:4ef2f949</spirit:value>
          </spirit:parameter>
        </spirit:parameters>
      </spirit:view>
      <spirit:view>
        <spirit:name>xilinx_synthesisconstraints</spirit:name>
        <spirit:displayName>Synthesis Constraints</spirit:displayName>
        <spirit:envIdentifier>:vivado.xilinx.com:synthesis.constraints</spirit:envIdentifier>
        <spirit:parameters>
          <spirit:parameter>
            <spirit:name>outputProductCRC</spirit:name>
            <spirit:value>9:4ef2f949</spirit:value>
          </spirit:parameter>
        </spirit:parameters>
      </spirit:view>
      <spirit:view>
        <spirit:name>xilinx_verilogsynthesiswrapper</spirit:name>
        <spirit:displayName>Verilog Synthesis Wrapper</spirit:displayName>
        <spirit:envIdentifier>verilogSource:vivado.xilinx.com:synthesis.wrapper</spirit:envIdentifier>
        <spirit:language>verilog</spirit:language>
        <spirit:modelName>design_1_Btn_detector_0_3</spirit:modelName>
        <spirit:fileSetRef>
          <spirit:localName>xilinx_verilogsynthesiswrapper_view_fileset</spirit:localName>
        </spirit:fileSetRef>
        <spirit:parameters>
          <spirit:parameter>
            <spirit:name>GENtimestamp</spirit:name>
            <spirit:value>Fri Sep 19 00:00:19 UTC 2025</spirit:value>
          </spirit:parameter>
          <spirit:parameter>
            <spirit:name>outputProductCRC</spirit:name>
            <spirit:value>9:4ef2f949</spirit:value>
          </spirit:parameter>
        </spirit:parameters>
      </spirit:view>
      <spirit:view>
        <spirit:name>xilinx_verilogbehavioralsimulation</spirit:name>
        <spirit:displayName>Verilog Simulation</spirit:displayName>
        <spirit:envIdentifier>verilogSource:vivado.xilinx.com:simulation</spirit:envIdentifier>
        <spirit:language>verilog</spirit:language>
        <spirit:modelName>Btn_detector_v1_0</spirit:modelName>
        <spirit:fileSetRef>
          <spirit:localName>xilinx_verilogbehavioralsimulation_view_fileset</spirit:localName>
        </spirit:fileSetRef>
        <spirit:parameters>
          <spirit:parameter>
            <spirit:name>GENtimestamp</spirit:name>
            <spirit:value>Fri Sep 19 00:00:19 UTC 2025</spirit:value>
          </spirit:parameter>
          <spirit:parameter>
            <spirit:name>outputProductCRC</spirit:name>
            <spirit:value>9:18efb32f</spirit:value>
          </spirit:parameter>
        </spirit:parameters>
      </spirit:view>
      <spirit:view>
        <spirit:name>xilinx_verilogsimulationwrapper</spirit:name>
        <spirit:displayName>Verilog Simulation Wrapper</spirit:displayName>
        <spirit:envIdentifier>verilogSource:vivado.xilinx.com:simulation.wrapper</spirit:envIdentifier>
        <spirit:language>verilog</spirit:language>
        <spirit:modelName>design_1_Btn_detector_0_3</spirit:modelName>
        <spirit:fileSetRef>
          <spirit:localName>xilinx_verilogsimulationwrapper_view_fileset</spirit:localName>
        </spirit:fileSetRef>
        <spirit:parameters>
          <spirit:parameter>
            <spirit:name>GENtimestamp</spirit:name>
            <spirit:value>Fri Sep 19 00:00:19 UTC 2025</spirit:value>
          </spirit:parameter>
          <spirit:parameter>
            <spirit:name>outputProductCRC</spirit:name>
            <spirit:value>9:18efb32f</spirit:value>
          </spirit:parameter>
        </spirit:parameters>
      </spirit:view>
    </spirit:views>
    <spirit:ports>
      <spirit:port>
        <spirit:name>btn_in</spirit:name>
        <spirit:wire>
          <spirit:direction>in</spirit:direction>
          <spirit:vector>
            <spirit:left spirit:format="long">5</spirit:left>
            <spirit:right spirit:format="long">0</spirit:right>
          </spirit:vector>
          <spirit:wireTypeDefs>
            <spirit:wireTypeDef>
              <spirit:typeName>std_logic_vector</spirit:typeName>
              <spirit:viewNameRef>xilinx_verilogsynthesis</spirit:viewNameRef>
              <spirit:viewNameRef>xilinx_verilogbehavioralsimulation</spirit:viewNameRef>
            </spirit:wireTypeDef>
          </spirit:wireTypeDefs>
        </spirit:wire>
      </spirit:port>
      <spirit:port>
        <spirit:name>s00_axi_aclk</spirit:name>
        <spirit:wire>
          <spirit:direction>in</spirit:direction>
          <spirit:wireTypeDefs>
            <spirit:wireTypeDef>
              <spirit:typeName>wire</spirit:typeName>
              <spirit:viewNameRef>xilinx_verilogsynthesis</spirit:viewNameRef>
              <spirit:viewNameRef>xilinx_verilogbehavioralsimulation</spirit:viewNameRef>
            </spirit:wireTypeDef>
          </spirit:wireTypeDefs>
        </spirit:wire>
      </spirit:port>
      <spirit:port>
        <spirit:name>s00_axi_aresetn</spirit:name>
        <spirit:wire>
          <spirit:direction>in</spirit:direction>
          <spirit:wireTypeDefs>
            <spirit:wireTypeDef>
              <spirit:typeName>wire</spirit:typeName>
              <spirit:viewNameRef>xilinx_verilogsynthesis</spirit:viewNameRef>
              <spirit:viewNameRef>xilinx_verilogbehavioralsimulation</spirit:viewNameRef>
            </spirit:wireTypeDef>
          </spirit:wireTypeDefs>
        </spirit:wire>
      </spirit:port>
      <spirit:port>
        <spirit:name>s00_axi_awaddr</spirit:name>
        <spirit:wire>
          <spirit:direction>in</spirit:direction>
          <spirit:vector>
            <spirit:left spirit:format="long" spirit:resolve="dependent" spirit:dependency="(spirit:decode(id(&apos;MODELPARAM_VALUE.C_S00_AXI_ADDR_WIDTH&apos;)) - 1)">3</spirit:left>
            <spirit:right spirit:format="long">0</spirit:right>
          </spirit:vector>
          <spirit:wireTypeDefs>
            <spirit:wireTypeDef>
              <spirit:typeName>wire</spirit:typeName>
              <spirit:viewNameRef>xilinx_verilogsynthesis</spirit:viewNameRef>
              <spirit:viewNameRef>xilinx_verilogbehavioralsimulation</spirit:viewNameRef>
            </spirit:wireTypeDef>
          </spirit:wireTypeDefs>
        </spirit:wire>
      </spirit:port>
      <spirit:port>
        <spirit:name>s00_axi_awprot</spirit:name>
        <spirit:wire>
          <spirit:direction>in</spirit:direction>
          <spirit:vector>
            <spirit:left spirit:format="long">2</spirit:left>
            <spirit:right spirit:format="long">0</spirit:right>
          </spirit:vector>
          <spirit:wireTypeDefs>
            <spirit:wireTypeDef>
              <spirit:typeName>wire</spirit:typeName>
              <spirit:viewNameRef>xilinx_verilogsynthesis</spirit:viewNameRef>
              <spirit:viewNameRef>xilinx_verilogbehavioralsimulation</spirit:viewNameRef>
            </spirit:wireTypeDef>
          </spirit:wireTypeDefs>
        </spirit:wire>
      </spirit:port>
      <spirit:port>
        <spirit:name>s00_axi_awvalid</spirit:name>
        <spirit:wire>
          <spirit:direction>in</spirit:direction>
          <spirit:wireTypeDefs>
            <spirit:wireTypeDef>
              <spirit:typeName>wire</spirit:typeName>
              <spirit:viewNameRef>xilinx_verilogsynthesis</spirit:viewNameRef>
              <spirit:viewNameRef>xilinx_verilogbehavioralsimulation</spirit:viewNameRef>
            </spirit:wireTypeDef>
          </spirit:wireTypeDefs>
        </spirit:wire>
      </spirit:port>
      <spirit:port>
        <spirit:name>s00_axi_awready</spirit:name>
        <spirit:wire>
          <spirit:direction>out</spirit:direction>
          <spirit:wireTypeDefs>
            <spirit:wireTypeDef>
              <spirit:typeName>wire</spirit:typeName>
              <spirit:viewNameRef>xilinx_verilogsynthesis</spirit:viewNameRef>
              <spirit:viewNameRef>xilinx_verilogbehavioralsimulation</spirit:viewNameRef>
            </spirit:wireTypeDef>
          </spirit:wireTypeDefs>
        </spirit:wire>
      </spirit:port>
      <spirit:port>
        <spirit:name>s00_axi_wdata</spirit:name>
        <spirit:wire>
          <spirit:direction>in</spirit:direction>
          <spirit:vector>
            <spirit:left spirit:format="long" spirit:resolve="dependent" spirit:dependency="(spirit:decode(id(&apos;MODELPARAM_VALUE.C_S00_AXI_DATA_WIDTH&apos;)) - 1)">31</spirit:left>
            <spirit:right spirit:format="long">0</spirit:right>
          </spirit:vector>
          <spirit:wireTypeDefs>
            <spirit:wireTypeDef>
              <spirit:typeName>wire</spirit:typeName>
              <spirit:viewNameRef>xilinx_verilogsynthesis</spirit:viewNameRef>
              <spirit:viewNameRef>xilinx_verilogbehavioralsimulation</spirit:viewNameRef>
            </spirit:wireTypeDef>
          </spirit:wireTypeDefs>
        </spirit:wire>
      </spirit:port>
      <spirit:port>
        <spirit:name>s00_axi_wstrb</spirit:name>
        <spirit:wire>
          <spirit:direction>in</spirit:direction>
          <spirit:vector>
            <spirit:left spirit:format="long" spirit:resolve="dependent" spirit:dependency="((spirit:decode(id(&apos;MODELPARAM_VALUE.C_S00_AXI_DATA_WIDTH&apos;)) / 8) - 1)">3</spirit:left>
            <spirit:right spirit:format="long">0</spirit:right>
          </spirit:vector>
          <spirit:wireTypeDefs>
            <spirit:wireTypeDef>
              <spirit:typeName>wire</spirit:typeName>
              <spirit:viewNameRef>xilinx_verilogsynthesis</spirit:viewNameRef>
              <spirit:viewNameRef>xilinx_verilogbehavioralsimulation</spirit:viewNameRef>
            </spirit:wireTypeDef>
          </spirit:wireTypeDefs>
        </spirit:wire>
      </spirit:port>
      <spirit:port>
        <spirit:name>s00_axi_wvalid</spirit:name>
        <spirit:wire>
          <spirit:direction>in</spirit:direction>
          <spirit:wireTypeDefs>
            <spirit:wireTypeDef>
              <spirit:typeName>wire</spirit:typeName>
              <spirit:viewNameRef>xilinx_verilogsynthesis</spirit:viewNameRef>
              <spirit:viewNameRef>xilinx_verilogbehavioralsimulation</spirit:viewNameRef>
            </spirit:wireTypeDef>
          </spirit:wireTypeDefs>
        </spirit:wire>
      </spirit:port>
      <spirit:port>
        <spirit:name>s00_axi_wready</spirit:name>
        <spirit:wire>
          <spirit:direction>out</spirit:direction>
          <spirit:wireTypeDefs>
            <spirit:wireTypeDef>
              <spirit:typeName>wire</spirit:typeName>
              <spirit:viewNameRef>xilinx_verilogsynthesis</spirit:viewNameRef>
              <spirit:viewNameRef>xilinx_verilogbehavioralsimulation</spirit:viewNameRef>
            </spirit:wireTypeDef>
          </spirit:wireTypeDefs>
        </spirit:wire>
      </spirit:port>
      <spirit:port>
        <spirit:name>s00_axi_bresp</spirit:name>
        <spirit:wire>
          <spirit:direction>out</spirit:direction>
          <spirit:vector>
            <spirit:left spirit:format="long">1</spirit:left>
            <spirit:right spirit:format="long">0</spirit:right>
          </spirit:vector>
          <spirit:wireTypeDefs>
            <spirit:wireTypeDef>
              <spirit:typeName>wire</spirit:typeName>
              <spirit:viewNameRef>xilinx_verilogsynthesis</spirit:viewNameRef>
              <spirit:viewNameRef>xilinx_verilogbehavioralsimulation</spirit:viewNameRef>
            </spirit:wireTypeDef>
          </spirit:wireTypeDefs>
        </spirit:wire>
      </spirit:port>
      <spirit:port>
        <spirit:name>s00_axi_bvalid</spirit:name>
        <spirit:wire>
          <spirit:direction>out</spirit:direction>
          <spirit:wireTypeDefs>
            <spirit:wireTypeDef>
              <spirit:typeName>wire</spirit:typeName>
              <spirit:viewNameRef>xilinx_verilogsynthesis</spirit:viewNameRef>
              <spirit:viewNameRef>xilinx_verilogbehavioralsimulation</spirit:viewNameRef>
            </spirit:wireTypeDef>
          </spirit:wireTypeDefs>
        </spirit:wire>
      </spirit:port>
      <spirit:port>
        <spirit:name>s00_axi_bready</spirit:name>
        <spirit:wire>
          <spirit:direction>in</spirit:direction>
          <spirit:wireTypeDefs>
            <spirit:wireTypeDef>
              <spirit:typeName>wire</spirit:typeName>
              <spirit:viewNameRef>xilinx_verilogsynthesis</spirit:viewNameRef>
              <spirit:viewNameRef>xilinx_verilogbehavioralsimulation</spirit:viewNameRef>
            </spirit:wireTypeDef>
          </spirit:wireTypeDefs>
        </spirit:wire>
      </spirit:port>
      <spirit:port>
        <spirit:name>s00_axi_araddr</spirit:name>
        <spirit:wire>
          <spirit:direction>in</spirit:direction>
          <spirit:vector>
            <spirit:left spirit:format="long" spirit:resolve="dependent" spirit:dependency="(spirit:decode(id(&apos;MODELPARAM_VALUE.C_S00_AXI_ADDR_WIDTH&apos;)) - 1)">3</spirit:left>
            <spirit:right spirit:format="long">0</spirit:right>
          </spirit:vector>
          <spirit:wireTypeDefs>
            <spirit:wireTypeDef>
              <spirit:typeName>wire</spirit:typeName>
              <spirit:viewNameRef>xilinx_verilogsynthesis</spirit:viewNameRef>
              <spirit:viewNameRef>xilinx_verilogbehavioralsimulation</spirit:viewNameRef>
            </spirit:wireTypeDef>
          </spirit:wireTypeDefs>
        </spirit:wire>
      </spirit:port>
      <spirit:port>
        <spirit:name>s00_axi_arprot</spirit:name>
        <spirit:wire>
          <spirit:direction>in</spirit:direction>
          <spirit:vector>
            <spirit:left spirit:format="long">2</spirit:left>
            <spirit:right spirit:format="long">0</spirit:right>
          </spirit:vector>
          <spirit:wireTypeDefs>
            <spirit:wireTypeDef>
              <spirit:typeName>wire</spirit:typeName>
              <spirit:viewNameRef>xilinx_verilogsynthesis</spirit:viewNameRef>
              <spirit:viewNameRef>xilinx_verilogbehavioralsimulation</spirit:viewNameRef>
            </spirit:wireTypeDef>
          </spirit:wireTypeDefs>
        </spirit:wire>
      </spirit:port>
      <spirit:port>
        <spirit:name>s00_axi_arvalid</spirit:name>
        <spirit:wire>
          <spirit:direction>in</spirit:direction>
          <spirit:wireTypeDefs>
            <spirit:wireTypeDef>
              <spirit:typeName>wire</spirit:typeName>
              <spirit:viewNameRef>xilinx_verilogsynthesis</spirit:viewNameRef>
              <spirit:viewNameRef>xilinx_verilogbehavioralsimulation</spirit:viewNameRef>
            </spirit:wireTypeDef>
          </spirit:wireTypeDefs>
        </spirit:wire>
      </spirit:port>
      <spirit:port>
        <spirit:name>s00_axi_arready</spirit:name>
        <spirit:wire>
          <spirit:direction>out</spirit:direction>
          <spirit:wireTypeDefs>
            <spirit:wireTypeDef>
              <spirit:typeName>wire</spirit:typeName>
              <spirit:viewNameRef>xilinx_verilogsynthesis</spirit:viewNameRef>
              <spirit:viewNameRef>xilinx_verilogbehavioralsimulation</spirit:viewNameRef>
            </spirit:wireTypeDef>
          </spirit:wireTypeDefs>
        </spirit:wire>
      </spirit:port>
      <spirit:port>
        <spirit:name>s00_axi_rdata</spirit:name>
        <spirit:wire>
          <spirit:direction>out</spirit:direction>
          <spirit:vector>
            <spirit:left spirit:format="long" spirit:resolve="dependent" spirit:dependency="(spirit:decode(id(&apos;MODELPARAM_VALUE.C_S00_AXI_DATA_WIDTH&apos;)) - 1)">31</spirit:left>
            <spirit:right spirit:format="long">0</spirit:right>
          </spirit:vector>
          <spirit:wireTypeDefs>
            <spirit:wireTypeDef>
              <spirit:typeName>wire</spirit:typeName>
              <spirit:viewNameRef>xilinx_verilogsynthesis</spirit:viewNameRef>
              <spirit:viewNameRef>xilinx_verilogbehavioralsimulation</spirit:viewNameRef>
            </spirit:wireTypeDef>
          </spirit:wireTypeDefs>
        </spirit:wire>
      </spirit:port>
      <spirit:port>
        <spirit:name>s00_axi_rresp</spirit:name>
        <spirit:wire>
          <spirit:direction>out</spirit:direction>
          <spirit:vector>
            <spirit:left spirit:format="long">1</spirit:left>
            <spirit:right spirit:format="long">0</spirit:right>
          </spirit:vector>
          <spirit:wireTypeDefs>
            <spirit:wireTypeDef>
              <spirit:typeName>wire</spirit:typeName>
              <spirit:viewNameRef>xilinx_verilogsynthesis</spirit:viewNameRef>
              <spirit:viewNameRef>xilinx_verilogbehavioralsimulation</spirit:viewNameRef>
            </spirit:wireTypeDef>
          </spirit:wireTypeDefs>
        </spirit:wire>
      </spirit:port>
      <spirit:port>
        <spirit:name>s00_axi_rvalid</spirit:name>
        <spirit:wire>
          <spirit:direction>out</spirit:direction>
          <spirit:wireTypeDefs>
            <spirit:wireTypeDef>
              <spirit:typeName>wire</spirit:typeName>
              <spirit:viewNameRef>xilinx_verilogsynthesis</spirit:viewNameRef>
              <spirit:viewNameRef>xilinx_verilogbehavioralsimulation</spirit:viewNameRef>
            </spirit:wireTypeDef>
          </spirit:wireTypeDefs>
        </spirit:wire>
      </spirit:port>
      <spirit:port>
        <spirit:name>s00_axi_rready</spirit:name>
        <spirit:wire>
          <spirit:direction>in</spirit:direction>
          <spirit:wireTypeDefs>
            <spirit:wireTypeDef>
              <spirit:typeName>wire</spirit:typeName>
              <spirit:viewNameRef>xilinx_verilogsynthesis</spirit:viewNameRef>
              <spirit:viewNameRef>xilinx_verilogbehavioralsimulation</spirit:viewNameRef>
            </spirit:wireTypeDef>
          </spirit:wireTypeDefs>
        </spirit:wire>
      </spirit:port>
    </spirit:ports>
    <spirit:modelParameters>
      <spirit:modelParameter xsi:type="spirit:nameValueTypeType" spirit:dataType="integer">
        <spirit:name>C_S00_AXI_DATA_WIDTH</spirit:name>
        <spirit:displayName>C S00 AXI DATA WIDTH</spirit:displayName>
        <spirit:description>Width of S_AXI data bus</spirit:description>
        <spirit:value spirit:format="long" spirit:resolve="generated" spirit:id="MODELPARAM_VALUE.C_S00_AXI_DATA_WIDTH" spirit:order="3" spirit:rangeType="long">32</spirit:value>
      </spirit:modelParameter>
      <spirit:modelParameter spirit:dataType="integer">
        <spirit:name>C_S00_AXI_ADDR_WIDTH</spirit:name>
        <spirit:displayName>C S00 AXI ADDR WIDTH</spirit:displayName>
        <spirit:description>Width of S_AXI address bus</spirit:description>
        <spirit:value spirit:format="long" spirit:resolve="generated" spirit:id="MODELPARAM_VALUE.C_S00_AXI_ADDR_WIDTH" spirit:order="4" spirit:rangeType="long">4</spirit:value>
      </spirit:modelParameter>
    </spirit:modelParameters>
  </spirit:model>
  <spirit:choices>
    <spirit:choice>
      <spirit:name>choice_list_6fc15197</spirit:name>
      <spirit:enumeration>32</spirit:enumeration>
    </spirit:choice>
    <spirit:choice>
      <spirit:name>choice_list_9d8b0d81</spirit:name>
      <spirit:enumeration>ACTIVE_HIGH</spirit:enumeration>
      <spirit:enumeration>ACTIVE_LOW</spirit:enumeration>
    </spirit:choice>
    <spirit:choice>
      <spirit:name>choice_pairs_ce1226b1</spirit:name>
      <spirit:enumeration spirit:text="true">1</spirit:enumeration>
      <spirit:enumeration spirit:text="false">0</spirit:enumeration>
    </spirit:choice>
  </spirit:choices>
  <spirit:fileSets>
    <spirit:fileSet>
      <spirit:name>xilinx_verilogsynthesis_view_fileset</spirit:name>
      <spirit:file>
        <spirit:name>../../ipshared/c466/hdl/Btn_detector_v1_0_S00_AXI.v</spirit:name>
        <spirit:fileType>verilogSource</spirit:fileType>
      </spirit:file>
      <spirit:file>
        <spirit:name>../../ipshared/c466/src/btn_detector.sv</spirit:name>
        <spirit:fileType>systemVerilogSource</spirit:fileType>
      </spirit:file>
      <spirit:file>
        <spirit:name>../../ipshared/c466/hdl/Btn_detector_v1_0.v</spirit:name>
        <spirit:fileType>verilogSource</spirit:fileType>
      </spirit:file>
    </spirit:fileSet>
    <spirit:fileSet>
      <spirit:name>xilinx_verilogsynthesiswrapper_view_fileset</spirit:name>
      <spirit:file>
        <spirit:name>synth/design_1_Btn_detector_0_3.v</spirit:name>
        <spirit:fileType>verilogSource</spirit:fileType>
        <spirit:logicalName>xil_defaultlib</spirit:logicalName>
      </spirit:file>
    </spirit:fileSet>
    <spirit:fileSet>
      <spirit:name>xilinx_verilogbehavioralsimulation_view_fileset</spirit:name>
      <spirit:file>
        <spirit:name>../../ipshared/c466/hdl/Btn_detector_v1_0_S00_AXI.v</spirit:name>
        <spirit:fileType>verilogSource</spirit:fileType>
      </spirit:file>
      <spirit:file>
        <spirit:name>../../ipshared/c466/src/btn_detector.sv</spirit:name>
        <spirit:fileType>systemVerilogSource</spirit:fileType>
      </spirit:file>
      <spirit:file>
        <spirit:name>../../ipshared/c466/hdl/Btn_detector_v1_0.v</spirit:name>
        <spirit:fileType>verilogSource</spirit:fileType>
      </spirit:file>
    </spirit:fileSet>
    <spirit:fileSet>
      <spirit:name>xilinx_verilogsimulationwrapper_view_fileset</spirit:name>
      <spirit:file>
        <spirit:name>sim/design_1_Btn_detector_0_3.v</spirit:name>
        <spirit:fileType>verilogSource</spirit:fileType>
        <spirit:logicalName>xil_defaultlib</spirit:logicalName>
      </spirit:file>
    </spirit:fileSet>
  </spirit:fileSets>
  <spirit:description>My new AXI IP</spirit:description>
  <spirit:parameters>
    <spirit:parameter>
      <spirit:name>C_S00_AXI_DATA_WIDTH</spirit:name>
      <spirit:displayName>C S00 AXI DATA WIDTH</spirit:displayName>
      <spirit:description>Width of S_AXI data bus</spirit:description>
      <spirit:value spirit:format="long" spirit:resolve="user" spirit:id="PARAM_VALUE.C_S00_AXI_DATA_WIDTH" spirit:choiceRef="choice_list_6fc15197" spirit:order="3">32</spirit:value>
      <spirit:vendorExtensions>
        <xilinx:parameterInfo>
          <xilinx:enablement>
            <xilinx:isEnabled xilinx:id="PARAM_ENABLEMENT.C_S00_AXI_DATA_WIDTH">false</xilinx:isEnabled>
          </xilinx:enablement>
        </xilinx:parameterInfo>
      </spirit:vendorExtensions>
    </spirit:parameter>
    <spirit:parameter>
      <spirit:name>C_S00_AXI_ADDR_WIDTH</spirit:name>
      <spirit:displayName>C S00 AXI ADDR WIDTH</spirit:displayName>
      <spirit:description>Width of S_AXI address bus</spirit:description>
      <spirit:value spirit:format="long" spirit:resolve="user" spirit:id="PARAM_VALUE.C_S00_AXI_ADDR_WIDTH" spirit:order="4" spirit:rangeType="long">4</spirit:value>
      <spirit:vendorExtensions>
        <xilinx:parameterInfo>
          <xilinx:enablement>
            <xilinx:isEnabled xilinx:id="PARAM_ENABLEMENT.C_S00_AXI_ADDR_WIDTH">false</xilinx:isEnabled>
          </xilinx:enablement>
        </xilinx:parameterInfo>
      </spirit:vendorExtensions>
    </spirit:parameter>
    <spirit:parameter>
      <spirit:name>C_S00_AXI_BASEADDR</spirit:name>
      <spirit:displayName>C S00 AXI BASEADDR</spirit:displayName>
      <spirit:value spirit:format="bitString" spirit:resolve="user" spirit:id="PARAM_VALUE.C_S00_AXI_BASEADDR" spirit:order="5" spirit:bitStringLength="32">0xFFFFFFFF</spirit:value>
      <spirit:vendorExtensions>
        <xilinx:parameterInfo>
          <xilinx:enablement>
            <xilinx:isEnabled xilinx:id="PARAM_ENABLEMENT.C_S00_AXI_BASEADDR">false</xilinx:isEnabled>
          </xilinx:enablement>
        </xilinx:parameterInfo>
      </spirit:vendorExtensions>
    </spirit:parameter>
    <spirit:parameter>
      <spirit:name>C_S00_AXI_HIGHADDR</spirit:name>
      <spirit:displayName>C S00 AXI HIGHADDR</spirit:displayName>
      <spirit:value spirit:format="bitString" spirit:resolve="user" spirit:id="PARAM_VALUE.C_S00_AXI_HIGHADDR" spirit:order="6" spirit:bitStringLength="32">0x00000000</spirit:value>
      <spirit:vendorExtensions>
        <xilinx:parameterInfo>
          <xilinx:enablement>
            <xilinx:isEnabled xilinx:id="PARAM_ENABLEMENT.C_S00_AXI_HIGHADDR">false</xilinx:isEnabled>
          </xilinx:enablement>
        </xilinx:parameterInfo>
      </spirit:vendorExtensions>
    </spirit:parameter>
    <spirit:parameter>
      <spirit:name>Component_Name</spirit:name>
      <spirit:value spirit:resolve="user" spirit:id="PARAM_VALUE.Component_Name" spirit:order="1">design_1_Btn_detector_0_3</spirit:value>
    </spirit:parameter>
  </spirit:parameters>
  <spirit:vendorExtensions>
    <xilinx:coreExtensions>
      <xilinx:displayName>Btn_detector_v1.0</xilinx:displayName>
      <xilinx:coreRevision>11</xilinx:coreRevision>
      <xilinx:tags>
        <xilinx:tag xilinx:name="ui.data.coregen.dd@1bab083f_ARCHIVE_LOCATION">c:/AI_project/ip_repo/Btn_detector_1.0</xilinx:tag>
        <xilinx:tag xilinx:name="ui.data.coregen.dd@4263d524_ARCHIVE_LOCATION">c:/AI_project/ip_repo/Btn_detector_1.0</xilinx:tag>
        <xilinx:tag xilinx:name="ui.data.coregen.dd@1baba705_ARCHIVE_LOCATION">c:/AI_project/ip_repo/Btn_detector_1.0</xilinx:tag>
        <xilinx:tag xilinx:name="ui.data.coregen.dd@3152454c_ARCHIVE_LOCATION">c:/AI_project/ip_repo/Btn_detector_1.0</xilinx:tag>
        <xilinx:tag xilinx:name="ui.data.coregen.dd@41b64dda_ARCHIVE_LOCATION">c:/AI_project/ip_repo/Btn_detector_1.0</xilinx:tag>
        <xilinx:tag xilinx:name="ui.data.coregen.dd@54466b03_ARCHIVE_LOCATION">c:/AI_project/ip_repo/Btn_detector_1.0</xilinx:tag>
        <xilinx:tag xilinx:name="ui.data.coregen.dd@326d0e6d_ARCHIVE_LOCATION">c:/AI_project/ip_repo/Btn_detector_1.0</xilinx:tag>
        <xilinx:tag xilinx:name="ui.data.coregen.dd@36cd85f_ARCHIVE_LOCATION">c:/AI_project/ip_repo/Btn_detector_1.0</xilinx:tag>
        <xilinx:tag xilinx:name="ui.data.coregen.dd@75de347b_ARCHIVE_LOCATION">c:/AI_project/ip_repo/Btn_detector_1.0</xilinx:tag>
        <xilinx:tag xilinx:name="ui.data.coregen.dd@25966db_ARCHIVE_LOCATION">c:/AI_project/ip_repo/Btn_detector_1.0</xilinx:tag>
        <xilinx:tag xilinx:name="ui.data.coregen.dd@2ea5cb86_ARCHIVE_LOCATION">c:/AI_project/ip_repo/Btn_detector_1.0</xilinx:tag>
        <xilinx:tag xilinx:name="ui.data.coregen.dd@2a979656_ARCHIVE_LOCATION">c:/AI_project/ip_repo/Btn_detector_1.0</xilinx:tag>
        <xilinx:tag xilinx:name="ui.data.coregen.dd@78692704_ARCHIVE_LOCATION">c:/AI_project/ip_repo/Btn_detector_1.0</xilinx:tag>
        <xilinx:tag xilinx:name="ui.data.coregen.dd@680f6399_ARCHIVE_LOCATION">c:/AI_project/ip_repo/Btn_detector_1.0</xilinx:tag>
        <xilinx:tag xilinx:name="ui.data.coregen.dd@137be2f4_ARCHIVE_LOCATION">c:/AI_project/ip_repo/Btn_detector_1.0</xilinx:tag>
        <xilinx:tag xilinx:name="ui.data.coregen.dd@23b3548e_ARCHIVE_LOCATION">c:/AI_project/ip_repo/Btn_detector_1.0</xilinx:tag>
        <xilinx:tag xilinx:name="ui.data.coregen.dd@61fa1268_ARCHIVE_LOCATION">c:/AI_project/ip_repo/Btn_detector_1.0</xilinx:tag>
        <xilinx:tag xilinx:name="ui.data.coregen.dd@602cf32d_ARCHIVE_LOCATION">c:/AI_project/ip_repo/Btn_detector_1.0</xilinx:tag>
        <xilinx:tag xilinx:name="ui.data.coregen.dd@594e3f1_ARCHIVE_LOCATION">c:/AI_project/ip_repo/Btn_detector_1.0</xilinx:tag>
        <xilinx:tag xilinx:name="ui.data.coregen.dd@65ef1ed2_ARCHIVE_LOCATION">c:/AI_project/ip_repo/Btn_detector_1.0</xilinx:tag>
        <xilinx:tag xilinx:name="ui.data.coregen.dd@40785f16_ARCHIVE_LOCATION">c:/AI_project/ip_repo/Btn_detector_1.0</xilinx:tag>
        <xilinx:tag xilinx:name="ui.data.coregen.dd@3f7c0aea_ARCHIVE_LOCATION">c:/AI_project/ip_repo/Btn_detector_1.0</xilinx:tag>
        <xilinx:tag xilinx:name="ui.data.coregen.dd@19de3209_ARCHIVE_LOCATION">c:/AI_project/ip_repo/Btn_detector_1.0</xilinx:tag>
        <xilinx:tag xilinx:name="ui.data.coregen.dd@462c526f_ARCHIVE_LOCATION">c:/AI_project/ip_repo/Btn_detector_1.0</xilinx:tag>
        <xilinx:tag xilinx:name="ui.data.coregen.dd@773d3f68_ARCHIVE_LOCATION">c:/AI_project/ip_repo/Btn_detector_1.0</xilinx:tag>
        <xilinx:tag xilinx:name="ui.data.coregen.dd@a48a8ce_ARCHIVE_LOCATION">c:/AI_project/ip_repo/Btn_detector_1.0</xilinx:tag>
        <xilinx:tag xilinx:name="ui.data.coregen.dd@5503df32_ARCHIVE_LOCATION">c:/AI_project/ip_repo/Btn_detector_1.0</xilinx:tag>
        <xilinx:tag xilinx:name="ui.data.coregen.dd@763a5947_ARCHIVE_LOCATION">c:/AI_project/ip_repo/Btn_detector_1.0</xilinx:tag>
        <xilinx:tag xilinx:name="ui.data.coregen.dd@3ed5c122_ARCHIVE_LOCATION">c:/AI_project/ip_repo/Btn_detector_1.0</xilinx:tag>
        <xilinx:tag xilinx:name="ui.data.coregen.dd@40058c48_ARCHIVE_LOCATION">c:/AI_project/ip_repo/Btn_detector_1.0</xilinx:tag>
        <xilinx:tag xilinx:name="ui.data.coregen.dd@211f995_ARCHIVE_LOCATION">c:/AI_project/ip_repo/Btn_detector_1.0</xilinx:tag>
        <xilinx:tag xilinx:name="ui.data.coregen.dd@565a1468_ARCHIVE_LOCATION">c:/AI_project/ip_repo/Btn_detector_1.0</xilinx:tag>
        <xilinx:tag xilinx:name="ui.data.coregen.dd@6a48796_ARCHIVE_LOCATION">c:/AI_project/ip_repo/Btn_detector_1.0</xilinx:tag>
        <xilinx:tag xilinx:name="ui.data.coregen.dd@1160bfbe_ARCHIVE_LOCATION">c:/AI_project/ip_repo/Btn_detector_1.0</xilinx:tag>
        <xilinx:tag xilinx:name="ui.data.coregen.dd@e140e26_ARCHIVE_LOCATION">c:/AI_project/ip_repo/Btn_detector_1.0</xilinx:tag>
        <xilinx:tag xilinx:name="ui.data.coregen.dd@55960e38_ARCHIVE_LOCATION">c:/AI_project/ip_repo/Btn_detector_1.0</xilinx:tag>
        <xilinx:tag xilinx:name="ui.data.coregen.dd@390f9c87_ARCHIVE_LOCATION">c:/AI_project/ip_repo/Btn_detector_1.0</xilinx:tag>
        <xilinx:tag xilinx:name="ui.data.coregen.dd@332f90dd_ARCHIVE_LOCATION">c:/AI_project/ip_repo/Btn_detector_1.0</xilinx:tag>
        <xilinx:tag xilinx:name="ui.data.coregen.dd@1d80b662_ARCHIVE_LOCATION">c:/AI_project/ip_repo/Btn_detector_1.0</xilinx:tag>
        <xilinx:tag xilinx:name="ui.data.coregen.dd@7ae4a6b1_ARCHIVE_LOCATION">c:/AI_project/ip_repo/Btn_detector_1.0</xilinx:tag>
        <xilinx:tag xilinx:name="ui.data.coregen.dd@31d1b019_ARCHIVE_LOCATION">c:/AI_project/ip_repo/Btn_detector_1.0</xilinx:tag>
        <xilinx:tag xilinx:name="ui.data.coregen.dd@1e3b873f_ARCHIVE_LOCATION">c:/AI_project/ip_repo/Btn_detector_1.0</xilinx:tag>
        <xilinx:tag xilinx:name="ui.data.coregen.dd@531e1e77_ARCHIVE_LOCATION">c:/AI_project/ip_repo/Btn_detector_1.0</xilinx:tag>
        <xilinx:tag xilinx:name="ui.data.coregen.dd@4f036fb5_ARCHIVE_LOCATION">c:/AI_project/ip_repo/Btn_detector_1.0</xilinx:tag>
        <xilinx:tag xilinx:name="ui.data.coregen.dd@35bff094_ARCHIVE_LOCATION">c:/AI_project/ip_repo/Btn_detector_1.0</xilinx:tag>
        <xilinx:tag xilinx:name="ui.data.coregen.dd@2170d89f_ARCHIVE_LOCATION">c:/AI_project/ip_repo/Btn_detector_1.0</xilinx:tag>
        <xilinx:tag xilinx:name="ui.data.coregen.dd@25fd12f1_ARCHIVE_LOCATION">c:/AI_project/ip_repo/Btn_detector_1.0</xilinx:tag>
        <xilinx:tag xilinx:name="ui.data.coregen.dd@65336b72_ARCHIVE_LOCATION">c:/AI_project/ip_repo/Btn_detector_1.0</xilinx:tag>
        <xilinx:tag xilinx:name="ui.data.coregen.dd@130f4a47_ARCHIVE_LOCATION">c:/AI_project/ip_repo/Btn_detector_1.0</xilinx:tag>
        <xilinx:tag xilinx:name="ui.data.coregen.dd@5d3459b9_ARCHIVE_LOCATION">c:/AI_project/ip_repo/Btn_detector_1.0</xilinx:tag>
        <xilinx:tag xilinx:name="ui.data.coregen.dd@2973c310_ARCHIVE_LOCATION">c:/AI_project/ip_repo/Btn_detector_1.0</xilinx:tag>
        <xilinx:tag xilinx:name="ui.data.coregen.dd@3c7a29d9_ARCHIVE_LOCATION">c:/AI_project/ip_repo/Btn_detector_1.0</xilinx:tag>
        <xilinx:tag xilinx:name="ui.data.coregen.dd@1c5dccfa_ARCHIVE_LOCATION">c:/AI_project/ip_repo/Btn_detector_1.0</xilinx:tag>
        <xilinx:tag xilinx:name="ui.data.coregen.dd@6a73e703_ARCHIVE_LOCATION">c:/AI_project/ip_repo/Btn_detector_1.0</xilinx:tag>
        <xilinx:tag xilinx:name="ui.data.coregen.dd@1733aed1_ARCHIVE_LOCATION">c:/AI_project/ip_repo/Btn_detector_1.0</xilinx:tag>
        <xilinx:tag xilinx:name="ui.data.coregen.dd@71d2e84_ARCHIVE_LOCATION">c:/AI_project/ip_repo/Btn_detector_1.0</xilinx:tag>
        <xilinx:tag xilinx:name="ui.data.coregen.dd@4bc5f35a_ARCHIVE_LOCATION">c:/AI_project/ip_repo/Btn_detector_1.0</xilinx:tag>
        <xilinx:tag xilinx:name="ui.data.coregen.dd@4631cad3_ARCHIVE_LOCATION">c:/AI_project/ip_repo/Btn_detector_1.0</xilinx:tag>
        <xilinx:tag xilinx:name="ui.data.coregen.dd@4af3bdca_ARCHIVE_LOCATION">c:/AI_project/ip_repo/Btn_detector_1.0</xilinx:tag>
        <xilinx:tag xilinx:name="ui.data.coregen.dd@27dae45b_ARCHIVE_LOCATION">c:/AI_project/ip_repo/Btn_detector_1.0</xilinx:tag>
        <xilinx:tag xilinx:name="ui.data.coregen.dd@4ca01d4f_ARCHIVE_LOCATION">c:/AI_project/ip_repo/Btn_detector_1.0</xilinx:tag>
        <xilinx:tag xilinx:name="ui.data.coregen.dd@1de3b4d8_ARCHIVE_LOCATION">c:/AI_project/ip_repo/Btn_detector_1.0</xilinx:tag>
        <xilinx:tag xilinx:name="ui.data.coregen.dd@1afb043c_ARCHIVE_LOCATION">c:/AI_project/ip_repo/Btn_detector_1.0</xilinx:tag>
        <xilinx:tag xilinx:name="ui.data.coregen.dd@7a6fec2a_ARCHIVE_LOCATION">c:/AI_project/ip_repo/Btn_detector_1.0</xilinx:tag>
        <xilinx:tag xilinx:name="ui.data.coregen.dd@1b30d2f7_ARCHIVE_LOCATION">c:/AI_project/ip_repo/Btn_detector_1.0</xilinx:tag>
        <xilinx:tag xilinx:name="ui.data.coregen.dd@5afc3c96_ARCHIVE_LOCATION">c:/AI_project/ip_repo/Btn_detector_1.0</xilinx:tag>
        <xilinx:tag xilinx:name="ui.data.coregen.dd@15800bed_ARCHIVE_LOCATION">c:/AI_project/ip_repo/Btn_detector_1.0</xilinx:tag>
        <xilinx:tag xilinx:name="ui.data.coregen.dd@107e5a1_ARCHIVE_LOCATION">c:/AI_project/ip_repo/Btn_detector_1.0</xilinx:tag>
        <xilinx:tag xilinx:name="ui.data.coregen.dd@31414a31_ARCHIVE_LOCATION">c:/AI_project/ip_repo/Btn_detector_1.0</xilinx:tag>
        <xilinx:tag xilinx:name="ui.data.coregen.dd@46c2abad_ARCHIVE_LOCATION">c:/AI_project/ip_repo/Btn_detector_1.0</xilinx:tag>
        <xilinx:tag xilinx:name="ui.data.coregen.dd@565119d6_ARCHIVE_LOCATION">c:/AI_project/ip_repo/Btn_detector_1.0</xilinx:tag>
        <xilinx:tag xilinx:name="ui.data.coregen.dd@5f89fd0_ARCHIVE_LOCATION">c:/AI_project/ip_repo/Btn_detector_1.0</xilinx:tag>
        <xilinx:tag xilinx:name="ui.data.coregen.dd@118459ee_ARCHIVE_LOCATION">c:/AI_project/ip_repo/Btn_detector_1.0</xilinx:tag>
        <xilinx:tag xilinx:name="ui.data.coregen.dd@289b07f9_ARCHIVE_LOCATION">c:/AI_project/ip_repo/Btn_detector_1.0</xilinx:tag>
        <xilinx:tag xilinx:name="ui.data.coregen.dd@32bb4fcb_ARCHIVE_LOCATION">c:/AI_project/ip_repo/Btn_detector_1.0</xilinx:tag>
        <xilinx:tag xilinx:name="ui.data.coregen.dd@3c4db2fd_ARCHIVE_LOCATION">c:/AI_project/ip_repo/Btn_detector_1.0</xilinx:tag>
        <xilinx:tag xilinx:name="ui.data.coregen.dd@6f4e851c_ARCHIVE_LOCATION">c:/AI_project/ip_repo/Btn_detector_1.0</xilinx:tag>
        <xilinx:tag xilinx:name="ui.data.coregen.dd@284d54e8_ARCHIVE_LOCATION">c:/AI_project/ip_repo/Btn_detector_1.0</xilinx:tag>
        <xilinx:tag xilinx:name="ui.data.coregen.dd@2dc9d979_ARCHIVE_LOCATION">c:/AI_project/ip_repo/Btn_detector_1.0</xilinx:tag>
        <xilinx:tag xilinx:name="ui.data.coregen.dd@2a2e43_ARCHIVE_LOCATION">c:/AI_project/ip_repo/Btn_detector_1.0</xilinx:tag>
        <xilinx:tag xilinx:name="ui.data.coregen.dd@6e4b775e_ARCHIVE_LOCATION">c:/AI_project/ip_repo/Btn_detector_1.0</xilinx:tag>
        <xilinx:tag xilinx:name="ui.data.coregen.dd@1fc30aab_ARCHIVE_LOCATION">c:/AI_project/ip_repo/Btn_detector_1.0</xilinx:tag>
        <xilinx:tag xilinx:name="ui.data.coregen.dd@3eb4d4ea_ARCHIVE_LOCATION">c:/AI_project/ip_repo/Btn_detector_1.0</xilinx:tag>
        <xilinx:tag xilinx:name="ui.data.coregen.dd@6c5546e7_ARCHIVE_LOCATION">c:/AI_project/ip_repo/Btn_detector_1.0</xilinx:tag>
        <xilinx:tag xilinx:name="ui.data.coregen.dd@7f1df4ff_ARCHIVE_LOCATION">c:/AI_project/ip_repo/Btn_detector_1.0</xilinx:tag>
        <xilinx:tag xilinx:name="ui.data.coregen.dd@3df657f8_ARCHIVE_LOCATION">c:/AI_project/ip_repo/Btn_detector_1.0</xilinx:tag>
        <xilinx:tag xilinx:name="ui.data.coregen.dd@6a121ad1_ARCHIVE_LOCATION">c:/AI_project/ip_repo/Btn_detector_1.0</xilinx:tag>
        <xilinx:tag xilinx:name="ui.data.coregen.dd@29a816f2_ARCHIVE_LOCATION">c:/AI_project/ip_repo/Btn_detector_1.0</xilinx:tag>
        <xilinx:tag xilinx:name="ui.data.coregen.dd@4591e931_ARCHIVE_LOCATION">c:/AI_project/ip_repo/Btn_detector_1.0</xilinx:tag>
        <xilinx:tag xilinx:name="ui.data.coregen.dd@4c756739_ARCHIVE_LOCATION">c:/AI_project/ip_repo/Btn_detector_1.0</xilinx:tag>
        <xilinx:tag xilinx:name="ui.data.coregen.dd@29371e55_ARCHIVE_LOCATION">c:/AI_project/ip_repo/Btn_detector_1.0</xilinx:tag>
        <xilinx:tag xilinx:name="ui.data.coregen.dd@1e055750_ARCHIVE_LOCATION">c:/AI_project/ip_repo/Btn_detector_1.0</xilinx:tag>
        <xilinx:tag xilinx:name="ui.data.coregen.dd@7d9c46ae_ARCHIVE_LOCATION">c:/AI_project/ip_repo/Btn_detector_1.0</xilinx:tag>
        <xilinx:tag xilinx:name="ui.data.coregen.dd@5dfd02ae_ARCHIVE_LOCATION">c:/AI_project/ip_repo/Btn_detector_1.0</xilinx:tag>
        <xilinx:tag xilinx:name="ui.data.coregen.dd@5833a599_ARCHIVE_LOCATION">c:/AI_project/ip_repo/Btn_detector_1.0</xilinx:tag>
        <xilinx:tag xilinx:name="ui.data.coregen.dd@5ac00f3c_ARCHIVE_LOCATION">c:/AI_project/ip_repo/Btn_detector_1.0</xilinx:tag>
        <xilinx:tag xilinx:name="ui.data.coregen.dd@400956e1_ARCHIVE_LOCATION">c:/AI_project/ip_repo/Btn_detector_1.0</xilinx:tag>
        <xilinx:tag xilinx:name="ui.data.coregen.dd@2791c73f_ARCHIVE_LOCATION">c:/AI_project/ip_repo/Btn_detector_1.0</xilinx:tag>
        <xilinx:tag xilinx:name="ui.data.coregen.dd@139480ce_ARCHIVE_LOCATION">c:/AI_project/ip_repo/Btn_detector_1.0</xilinx:tag>
        <xilinx:tag xilinx:name="ui.data.coregen.dd@2e37fe98_ARCHIVE_LOCATION">c:/AI_project/ip_repo/Btn_detector_1.0</xilinx:tag>
        <xilinx:tag xilinx:name="ui.data.coregen.dd@7be411be_ARCHIVE_LOCATION">c:/AI_project/ip_repo/Btn_detector_1.0</xilinx:tag>
        <xilinx:tag xilinx:name="ui.data.coregen.dd@5920cdc1_ARCHIVE_LOCATION">c:/AI_project/ip_repo/Btn_detector_1.0</xilinx:tag>
        <xilinx:tag xilinx:name="ui.data.coregen.dd@20c95956_ARCHIVE_LOCATION">c:/AI_project/ip_repo/Btn_detector_1.0</xilinx:tag>
        <xilinx:tag xilinx:name="ui.data.coregen.dd@4fa05a5a_ARCHIVE_LOCATION">c:/AI_project/ip_repo/Btn_detector_1.0</xilinx:tag>
        <xilinx:tag xilinx:name="ui.data.coregen.dd@71573abe_ARCHIVE_LOCATION">c:/AI_project/ip_repo/Btn_detector_1.0</xilinx:tag>
        <xilinx:tag xilinx:name="ui.data.coregen.dd@263c53ec_ARCHIVE_LOCATION">c:/AI_project/ip_repo/Btn_detector_1.0</xilinx:tag>
        <xilinx:tag xilinx:name="ui.data.coregen.dd@6d5ec31f_ARCHIVE_LOCATION">c:/AI_project/ip_repo/Btn_detector_1.0</xilinx:tag>
        <xilinx:tag xilinx:name="ui.data.coregen.dd@24190d2d_ARCHIVE_LOCATION">c:/AI_project/ip_repo/Btn_detector_1.0</xilinx:tag>
        <xilinx:tag xilinx:name="ui.data.coregen.dd@33fb4f22_ARCHIVE_LOCATION">c:/AI_project/ip_repo/Btn_detector_1.0</xilinx:tag>
        <xilinx:tag xilinx:name="ui.data.coregen.dd@479cc427_ARCHIVE_LOCATION">c:/AI_project/ip_repo/Btn_detector_1.0</xilinx:tag>
        <xilinx:tag xilinx:name="ui.data.coregen.dd@35f7ef0a_ARCHIVE_LOCATION">c:/AI_project/ip_repo/Btn_detector_1.0</xilinx:tag>
        <xilinx:tag xilinx:name="ui.data.coregen.dd@8742b55_ARCHIVE_LOCATION">c:/AI_project/ip_repo/Btn_detector_1.0</xilinx:tag>
        <xilinx:tag xilinx:name="ui.data.coregen.dd@234fe31a_ARCHIVE_LOCATION">c:/AI_project/ip_repo/Btn_detector_1.0</xilinx:tag>
        <xilinx:tag xilinx:name="ui.data.coregen.dd@4d32cd2f_ARCHIVE_LOCATION">c:/AI_project/ip_repo/Btn_detector_1.0</xilinx:tag>
        <xilinx:tag xilinx:name="ui.data.coregen.dd@7ee70bfd_ARCHIVE_LOCATION">c:/AI_project/ip_repo/Btn_detector_1.0</xilinx:tag>
        <xilinx:tag xilinx:name="ui.data.coregen.dd@70943057_ARCHIVE_LOCATION">c:/AI_project/ip_repo/Btn_detector_1.0</xilinx:tag>
        <xilinx:tag xilinx:name="ui.data.coregen.dd@107b0d68_ARCHIVE_LOCATION">c:/AI_project/ip_repo/Btn_detector_1.0</xilinx:tag>
        <xilinx:tag xilinx:name="ui.data.coregen.dd@57c72840_ARCHIVE_LOCATION">c:/AI_project/ip_repo/Btn_detector_1.0</xilinx:tag>
        <xilinx:tag xilinx:name="ui.data.coregen.dd@31eff08e_ARCHIVE_LOCATION">c:/AI_project/ip_repo/Btn_detector_1.0</xilinx:tag>
        <xilinx:tag xilinx:name="ui.data.coregen.dd@2afede4b_ARCHIVE_LOCATION">c:/AI_project/ip_repo/Btn_detector_1.0</xilinx:tag>
        <xilinx:tag xilinx:name="ui.data.coregen.dd@18700c2f_ARCHIVE_LOCATION">c:/AI_project/ip_repo/Btn_detector_1.0</xilinx:tag>
        <xilinx:tag xilinx:name="ui.data.coregen.dd@350e4708_ARCHIVE_LOCATION">c:/AI_project/ip_repo/Btn_detector_1.0</xilinx:tag>
        <xilinx:tag xilinx:name="ui.data.coregen.dd@31069320_ARCHIVE_LOCATION">c:/AI_project/ip_repo/Btn_detector_1.0</xilinx:tag>
        <xilinx:tag xilinx:name="ui.data.coregen.dd@186923c4_ARCHIVE_LOCATION">c:/AI_project/ip_repo/Btn_detector_1.0</xilinx:tag>
        <xilinx:tag xilinx:name="ui.data.coregen.dd@3ec72bf2_ARCHIVE_LOCATION">c:/AI_project/ip_repo/Btn_detector_1.0</xilinx:tag>
        <xilinx:tag xilinx:name="ui.data.coregen.dd@4d3b2241_ARCHIVE_LOCATION">c:/AI_project/ip_repo/Btn_detector_1.0</xilinx:tag>
        <xilinx:tag xilinx:name="ui.data.coregen.dd@7907500f_ARCHIVE_LOCATION">c:/AI_project/ip_repo/Btn_detector_1.0</xilinx:tag>
        <xilinx:tag xilinx:name="ui.data.coregen.dd@59e90eab_ARCHIVE_LOCATION">c:/AI_project/ip_repo/Btn_detector_1.0</xilinx:tag>
        <xilinx:tag xilinx:name="ui.data.coregen.dd@3326b477_ARCHIVE_LOCATION">c:/AI_project/ip_repo/Btn_detector_1.0</xilinx:tag>
        <xilinx:tag xilinx:name="ui.data.coregen.dd@6305bd9e_ARCHIVE_LOCATION">c:/AI_project/ip_repo/Btn_detector_1.0</xilinx:tag>
        <xilinx:tag xilinx:name="ui.data.coregen.dd@6daad0f8_ARCHIVE_LOCATION">c:/AI_project/ip_repo/Btn_detector_1.0</xilinx:tag>
        <xilinx:tag xilinx:name="ui.data.coregen.dd@92fa780_ARCHIVE_LOCATION">c:/AI_project/ip_repo/Btn_detector_1.0</xilinx:tag>
        <xilinx:tag xilinx:name="ui.data.coregen.dd@11335f70_ARCHIVE_LOCATION">c:/AI_project/ip_repo/Btn_detector_1.0</xilinx:tag>
        <xilinx:tag xilinx:name="ui.data.coregen.dd@1e5248be_ARCHIVE_LOCATION">c:/AI_project/ip_repo/Btn_detector_1.0</xilinx:tag>
        <xilinx:tag xilinx:name="ui.data.coregen.dd@5f120c04_ARCHIVE_LOCATION">c:/AI_project/ip_repo/Btn_detector_1.0</xilinx:tag>
        <xilinx:tag xilinx:name="ui.data.coregen.dd@769f7d3_ARCHIVE_LOCATION">c:/AI_project/ip_repo/Btn_detector_1.0</xilinx:tag>
        <xilinx:tag xilinx:name="ui.data.coregen.dd@5ae6aa0a_ARCHIVE_LOCATION">c:/AI_project/ip_repo/Btn_detector_1.0</xilinx:tag>
        <xilinx:tag xilinx:name="ui.data.coregen.dd@59479fb0_ARCHIVE_LOCATION">c:/AI_project/ip_repo/Btn_detector_1.0</xilinx:tag>
        <xilinx:tag xilinx:name="ui.data.coregen.dd@5d8f13b9_ARCHIVE_LOCATION">c:/AI_project/ip_repo/Btn_detector_1.0</xilinx:tag>
        <xilinx:tag xilinx:name="ui.data.coregen.dd@52578371_ARCHIVE_LOCATION">c:/AI_project/ip_repo/Btn_detector_1.0</xilinx:tag>
        <xilinx:tag xilinx:name="ui.data.coregen.dd@9dadac8_ARCHIVE_LOCATION">c:/AI_project/ip_repo/Btn_detector_1.0</xilinx:tag>
        <xilinx:tag xilinx:name="ui.data.coregen.dd@2d7ef424_ARCHIVE_LOCATION">c:/AI_project/ip_repo/Btn_detector_1.0</xilinx:tag>
        <xilinx:tag xilinx:name="ui.data.coregen.dd@413a8396_ARCHIVE_LOCATION">c:/AI_project/ip_repo/Btn_detector_1.0</xilinx:tag>
        <xilinx:tag xilinx:name="ui.data.coregen.dd@1199afa7_ARCHIVE_LOCATION">c:/AI_project/ip_repo/Btn_detector_1.0</xilinx:tag>
        <xilinx:tag xilinx:name="ui.data.coregen.dd@258761af_ARCHIVE_LOCATION">c:/AI_project/ip_repo/Btn_detector_1.0</xilinx:tag>
        <xilinx:tag xilinx:name="ui.data.coregen.dd@5cec6f8a_ARCHIVE_LOCATION">c:/AI_project/ip_repo/Btn_detector_1.0</xilinx:tag>
        <xilinx:tag xilinx:name="ui.data.coregen.dd@42ddd3fe_ARCHIVE_LOCATION">c:/AI_project/ip_repo/Btn_detector_1.0</xilinx:tag>
        <xilinx:tag xilinx:name="ui.data.coregen.dd@b9a5360_ARCHIVE_LOCATION">c:/AI_project/ip_repo/Btn_detector_1.0</xilinx:tag>
        <xilinx:tag xilinx:name="ui.data.coregen.dd@70cc6c1d_ARCHIVE_LOCATION">c:/AI_project/ip_repo/Btn_detector_1.0</xilinx:tag>
        <xilinx:tag xilinx:name="ui.data.coregen.dd@782f3659_ARCHIVE_LOCATION">c:/AI_project/ip_repo/Btn_detector_1.0</xilinx:tag>
        <xilinx:tag xilinx:name="ui.data.coregen.dd@5f151e58_ARCHIVE_LOCATION">c:/AI_project/ip_repo/Btn_detector_1.0</xilinx:tag>
        <xilinx:tag xilinx:name="ui.data.coregen.dd@1adc6e3c_ARCHIVE_LOCATION">c:/AI_project/ip_repo/Btn_detector_1.0</xilinx:tag>
        <xilinx:tag xilinx:name="ui.data.coregen.dd@40def798_ARCHIVE_LOCATION">c:/AI_project/ip_repo/Btn_detector_1.0</xilinx:tag>
        <xilinx:tag xilinx:name="ui.data.coregen.dd@63aca973_ARCHIVE_LOCATION">c:/AI_project/ip_repo/Btn_detector_1.0</xilinx:tag>
        <xilinx:tag xilinx:name="ui.data.coregen.dd@75323b1b_ARCHIVE_LOCATION">c:/AI_project/ip_repo/Btn_detector_1.0</xilinx:tag>
        <xilinx:tag xilinx:name="ui.data.coregen.dd@4dd6d2d9_ARCHIVE_LOCATION">c:/AI_project/ip_repo/Btn_detector_1.0</xilinx:tag>
        <xilinx:tag xilinx:name="ui.data.coregen.dd@1ebaf2e8_ARCHIVE_LOCATION">c:/AI_project/ip_repo/Btn_detector_1.0</xilinx:tag>
        <xilinx:tag xilinx:name="ui.data.coregen.dd@678865e6_ARCHIVE_LOCATION">c:/AI_project/ip_repo/Btn_detector_1.0</xilinx:tag>
        <xilinx:tag xilinx:name="ui.data.coregen.dd@6d7a9e85_ARCHIVE_LOCATION">c:/AI_project/ip_repo/Btn_detector_1.0</xilinx:tag>
        <xilinx:tag xilinx:name="ui.data.coregen.dd@52781e90_ARCHIVE_LOCATION">c:/AI_project/ip_repo/Btn_detector_1.0</xilinx:tag>
        <xilinx:tag xilinx:name="ui.data.coregen.dd@18c0d3d0_ARCHIVE_LOCATION">c:/AI_project/ip_repo/Btn_detector_1.0</xilinx:tag>
        <xilinx:tag xilinx:name="ui.data.coregen.dd@3aab121e_ARCHIVE_LOCATION">c:/AI_project/ip_repo/Btn_detector_1.0</xilinx:tag>
        <xilinx:tag xilinx:name="ui.data.coregen.dd@22a5580f_ARCHIVE_LOCATION">c:/AI_project/ip_repo/Btn_detector_1.0</xilinx:tag>
        <xilinx:tag xilinx:name="ui.data.coregen.dd@141c244d_ARCHIVE_LOCATION">c:/AI_project/ip_repo/Btn_detector_1.0</xilinx:tag>
        <xilinx:tag xilinx:name="ui.data.coregen.dd@7460295e_ARCHIVE_LOCATION">c:/AI_project/ip_repo/Btn_detector_1.0</xilinx:tag>
        <xilinx:tag xilinx:name="ui.data.coregen.dd@1e518227_ARCHIVE_LOCATION">c:/AI_project/ip_repo/Btn_detector_1.0</xilinx:tag>
        <xilinx:tag xilinx:name="ui.data.coregen.dd@6bed5c84_ARCHIVE_LOCATION">c:/AI_project/ip_repo/Btn_detector_1.0</xilinx:tag>
        <xilinx:tag xilinx:name="ui.data.coregen.dd@35f05e0c_ARCHIVE_LOCATION">c:/AI_project/ip_repo/Btn_detector_1.0</xilinx:tag>
        <xilinx:tag xilinx:name="ui.data.coregen.dd@22f504f9_ARCHIVE_LOCATION">c:/AI_project/ip_repo/Btn_detector_1.0</xilinx:tag>
        <xilinx:tag xilinx:name="ui.data.coregen.dd@2b9819e5_ARCHIVE_LOCATION">c:/AI_project/ip_repo/Btn_detector_1.0</xilinx:tag>
        <xilinx:tag xilinx:name="ui.data.coregen.dd@3b7e9026_ARCHIVE_LOCATION">c:/AI_project/ip_repo/Btn_detector_1.0</xilinx:tag>
        <xilinx:tag xilinx:name="ui.data.coregen.dd@5809ad57_ARCHIVE_LOCATION">c:/AI_project/ip_repo/Btn_detector_1.0</xilinx:tag>
        <xilinx:tag xilinx:name="ui.data.coregen.dd@7dca1105_ARCHIVE_LOCATION">c:/AI_project/ip_repo/Btn_detector_1.0</xilinx:tag>
        <xilinx:tag xilinx:name="ui.data.coregen.dd@20debad9_ARCHIVE_LOCATION">c:/AI_project/ip_repo/Btn_detector_1.0</xilinx:tag>
        <xilinx:tag xilinx:name="ui.data.coregen.dd@46cff37f_ARCHIVE_LOCATION">c:/AI_project/ip_repo/Btn_detector_1.0</xilinx:tag>
        <xilinx:tag xilinx:name="ui.data.coregen.dd@7f58c246_ARCHIVE_LOCATION">c:/AI_project/ip_repo/Btn_detector_1.0</xilinx:tag>
        <xilinx:tag xilinx:name="ui.data.coregen.dd@5fb39c43_ARCHIVE_LOCATION">c:/AI_project/ip_repo/Btn_detector_1.0</xilinx:tag>
        <xilinx:tag xilinx:name="ui.data.coregen.dd@7f067c32_ARCHIVE_LOCATION">c:/AI_project/ip_repo/Btn_detector_1.0</xilinx:tag>
        <xilinx:tag xilinx:name="ui.data.coregen.dd@73acdef9_ARCHIVE_LOCATION">c:/AI_project/ip_repo/Btn_detector_1.0</xilinx:tag>
        <xilinx:tag xilinx:name="ui.data.coregen.dd@7bafb59f_ARCHIVE_LOCATION">c:/AI_project/ip_repo/Btn_detector_1.0</xilinx:tag>
        <xilinx:tag xilinx:name="ui.data.coregen.dd@2bb706e4_ARCHIVE_LOCATION">c:/AI_project/ip_repo/Btn_detector_1.0</xilinx:tag>
        <xilinx:tag xilinx:name="ui.data.coregen.dd@cc4b4cb_ARCHIVE_LOCATION">c:/AI_project/ip_repo/Btn_detector_1.0</xilinx:tag>
        <xilinx:tag xilinx:name="ui.data.coregen.dd@51c9c11b_ARCHIVE_LOCATION">c:/AI_project/ip_repo/Btn_detector_1.0</xilinx:tag>
        <xilinx:tag xilinx:name="ui.data.coregen.dd@47e8a330_ARCHIVE_LOCATION">c:/AI_project/ip_repo/Btn_detector_1.0</xilinx:tag>
        <xilinx:tag xilinx:name="ui.data.coregen.dd@1fb0d5c5_ARCHIVE_LOCATION">c:/AI_project/ip_repo/Btn_detector_1.0</xilinx:tag>
        <xilinx:tag xilinx:name="ui.data.coregen.dd@21576ce9_ARCHIVE_LOCATION">c:/AI_project/ip_repo/Btn_detector_1.0</xilinx:tag>
        <xilinx:tag xilinx:name="ui.data.coregen.dd@6854e5dc_ARCHIVE_LOCATION">c:/AI_project/ip_repo/Btn_detector_1.0</xilinx:tag>
        <xilinx:tag xilinx:name="ui.data.coregen.dd@35d2ffba_ARCHIVE_LOCATION">c:/AI_project/ip_repo/Btn_detector_1.0</xilinx:tag>
        <xilinx:tag xilinx:name="ui.data.coregen.dd@75aaef1f_ARCHIVE_LOCATION">c:/AI_project/ip_repo/Btn_detector_1.0</xilinx:tag>
        <xilinx:tag xilinx:name="ui.data.coregen.dd@6e0b8e30_ARCHIVE_LOCATION">c:/AI_project/ip_repo/Btn_detector_1.0</xilinx:tag>
        <xilinx:tag xilinx:name="ui.data.coregen.dd@7bc5b48b_ARCHIVE_LOCATION">c:/AI_project/ip_repo/Btn_detector_1.0</xilinx:tag>
        <xilinx:tag xilinx:name="ui.data.coregen.dd@6ea1ab77_ARCHIVE_LOCATION">c:/AI_project/ip_repo/Btn_detector_1.0</xilinx:tag>
        <xilinx:tag xilinx:name="ui.data.coregen.dd@14b1fe36_ARCHIVE_LOCATION">c:/AI_project/ip_repo/Btn_detector_1.0</xilinx:tag>
        <xilinx:tag xilinx:name="ui.data.coregen.dd@e5846a9_ARCHIVE_LOCATION">c:/AI_project/ip_repo/Btn_detector_1.0</xilinx:tag>
        <xilinx:tag xilinx:name="ui.data.coregen.dd@25522de2_ARCHIVE_LOCATION">c:/AI_project/ip_repo/Btn_detector_1.0</xilinx:tag>
        <xilinx:tag xilinx:name="ui.data.coregen.dd@732a291b_ARCHIVE_LOCATION">c:/AI_project/ip_repo/Btn_detector_1.0</xilinx:tag>
        <xilinx:tag xilinx:name="ui.data.coregen.dd@266c3876_ARCHIVE_LOCATION">c:/AI_project/ip_repo/Btn_detector_1.0</xilinx:tag>
        <xilinx:tag xilinx:name="ui.data.coregen.dd@7c1590d4_ARCHIVE_LOCATION">c:/AI_project/ip_repo/Btn_detector_1.0</xilinx:tag>
        <xilinx:tag xilinx:name="ui.data.coregen.dd@4aea3f9a_ARCHIVE_LOCATION">c:/AI_project/ip_repo/Btn_detector_1.0</xilinx:tag>
        <xilinx:tag xilinx:name="ui.data.coregen.dd@629a837d_ARCHIVE_LOCATION">c:/AI_project/ip_repo/Btn_detector_1.0</xilinx:tag>
        <xilinx:tag xilinx:name="ui.data.coregen.dd@4d48b632_ARCHIVE_LOCATION">c:/AI_project/ip_repo/Btn_detector_1.0</xilinx:tag>
        <xilinx:tag xilinx:name="ui.data.coregen.dd@765e219b_ARCHIVE_LOCATION">c:/AI_project/ip_repo/Btn_detector_1.0</xilinx:tag>
        <xilinx:tag xilinx:name="ui.data.coregen.dd@14a406d9_ARCHIVE_LOCATION">c:/AI_project/ip_repo/Btn_detector_1.0</xilinx:tag>
        <xilinx:tag xilinx:name="ui.data.coregen.dd@585bd28a_ARCHIVE_LOCATION">c:/AI_project/ip_repo/Btn_detector_1.0</xilinx:tag>
        <xilinx:tag xilinx:name="ui.data.coregen.dd@6cf33e80_ARCHIVE_LOCATION">c:/AI_project/ip_repo/Btn_detector_1.0</xilinx:tag>
        <xilinx:tag xilinx:name="ui.data.coregen.dd@5a326462_ARCHIVE_LOCATION">c:/AI_project/ip_repo/Btn_detector_1.0</xilinx:tag>
        <xilinx:tag xilinx:name="ui.data.coregen.dd@3e83cdb_ARCHIVE_LOCATION">c:/AI_project/ip_repo/Btn_detector_1.0</xilinx:tag>
        <xilinx:tag xilinx:name="ui.data.coregen.dd@42b5f03a_ARCHIVE_LOCATION">c:/AI_project/ip_repo/Btn_detector_1.0</xilinx:tag>
        <xilinx:tag xilinx:name="ui.data.coregen.dd@4a3a2477_ARCHIVE_LOCATION">c:/AI_project/ip_repo/Btn_detector_1.0</xilinx:tag>
        <xilinx:tag xilinx:name="ui.data.coregen.dd@37ff6685_ARCHIVE_LOCATION">c:/AI_project/ip_repo/Btn_detector_1.0</xilinx:tag>
        <xilinx:tag xilinx:name="ui.data.coregen.dd@72ffba90_ARCHIVE_LOCATION">c:/AI_project/ip_repo/Btn_detector_1.0</xilinx:tag>
        <xilinx:tag xilinx:name="ui.data.coregen.dd@6357a6a1_ARCHIVE_LOCATION">c:/AI_project/ip_repo/Btn_detector_1.0</xilinx:tag>
        <xilinx:tag xilinx:name="ui.data.coregen.dd@5e0a342f_ARCHIVE_LOCATION">c:/AI_project/ip_repo/Btn_detector_1.0</xilinx:tag>
        <xilinx:tag xilinx:name="ui.data.coregen.dd@119371b0_ARCHIVE_LOCATION">c:/AI_project/ip_repo/Btn_detector_1.0</xilinx:tag>
        <xilinx:tag xilinx:name="ui.data.coregen.dd@7e636f69_ARCHIVE_LOCATION">c:/AI_project/ip_repo/Btn_detector_1.0</xilinx:tag>
        <xilinx:tag xilinx:name="ui.data.coregen.dd@199d8c49_ARCHIVE_LOCATION">c:/AI_project/ip_repo/Btn_detector_1.0</xilinx:tag>
        <xilinx:tag xilinx:name="ui.data.coregen.dd@e691f5d_ARCHIVE_LOCATION">c:/AI_project/ip_repo/Btn_detector_1.0</xilinx:tag>
        <xilinx:tag xilinx:name="ui.data.coregen.dd@39b0166c_ARCHIVE_LOCATION">c:/AI_project/ip_repo/Btn_detector_1.0</xilinx:tag>
        <xilinx:tag xilinx:name="ui.data.coregen.dd@13934bd7_ARCHIVE_LOCATION">c:/AI_project/ip_repo/Btn_detector_1.0</xilinx:tag>
        <xilinx:tag xilinx:name="ui.data.coregen.dd@6dfcb96e_ARCHIVE_LOCATION">c:/AI_project/ip_repo/Btn_detector_1.0</xilinx:tag>
        <xilinx:tag xilinx:name="ui.data.coregen.dd@73cc132b_ARCHIVE_LOCATION">c:/AI_project/ip_repo/Btn_detector_1.0</xilinx:tag>
        <xilinx:tag xilinx:name="ui.data.coregen.dd@609a449a_ARCHIVE_LOCATION">c:/AI_project/ip_repo/Btn_detector_1.0</xilinx:tag>
        <xilinx:tag xilinx:name="ui.data.coregen.dd@9e6b979_ARCHIVE_LOCATION">c:/AI_project/ip_repo/Btn_detector_1.0</xilinx:tag>
        <xilinx:tag xilinx:name="ui.data.coregen.dd@4dcfb270_ARCHIVE_LOCATION">c:/AI_project/ip_repo/Btn_detector_1.0</xilinx:tag>
        <xilinx:tag xilinx:name="ui.data.coregen.dd@3c9ce304_ARCHIVE_LOCATION">c:/AI_project/ip_repo/Btn_detector_1.0</xilinx:tag>
        <xilinx:tag xilinx:name="ui.data.coregen.dd@3aa40ffe_ARCHIVE_LOCATION">c:/AI_project/ip_repo/Btn_detector_1.0</xilinx:tag>
        <xilinx:tag xilinx:name="ui.data.coregen.dd@4ddc636b_ARCHIVE_LOCATION">c:/AI_project/ip_repo/Btn_detector_1.0</xilinx:tag>
        <xilinx:tag xilinx:name="ui.data.coregen.dd@533c3497_ARCHIVE_LOCATION">c:/AI_project/ip_repo/Btn_detector_1.0</xilinx:tag>
        <xilinx:tag xilinx:name="ui.data.coregen.dd@5fab27bf_ARCHIVE_LOCATION">c:/AI_project/ip_repo/Btn_detector_1.0</xilinx:tag>
        <xilinx:tag xilinx:name="ui.data.coregen.dd@74cdc630_ARCHIVE_LOCATION">c:/AI_project/ip_repo/Btn_detector_1.0</xilinx:tag>
        <xilinx:tag xilinx:name="ui.data.coregen.dd@6b50c4e0_ARCHIVE_LOCATION">c:/AI_project/ip_repo/Btn_detector_1.0</xilinx:tag>
        <xilinx:tag xilinx:name="ui.data.coregen.dd@16c05fc4_ARCHIVE_LOCATION">c:/AI_project/ip_repo/Btn_detector_1.0</xilinx:tag>
        <xilinx:tag xilinx:name="ui.data.coregen.dd@355ca4a7_ARCHIVE_LOCATION">c:/AI_project/ip_repo/Btn_detector_1.0</xilinx:tag>
        <xilinx:tag xilinx:name="ui.data.coregen.dd@3ab166e7_ARCHIVE_LOCATION">c:/AI_project/ip_repo/Btn_detector_1.0</xilinx:tag>
        <xilinx:tag xilinx:name="ui.data.coregen.dd@1bf0728a_ARCHIVE_LOCATION">c:/AI_project/ip_repo/Btn_detector_1.0</xilinx:tag>
        <xilinx:tag xilinx:name="ui.data.coregen.dd@27ea5f6e_ARCHIVE_LOCATION">c:/AI_project/ip_repo/Btn_detector_1.0</xilinx:tag>
        <xilinx:tag xilinx:name="ui.data.coregen.dd@1dc8cf12_ARCHIVE_LOCATION">c:/AI_project/ip_repo/Btn_detector_1.0</xilinx:tag>
        <xilinx:tag xilinx:name="ui.data.coregen.dd@4849d52d_ARCHIVE_LOCATION">c:/AI_project/ip_repo/Btn_detector_1.0</xilinx:tag>
        <xilinx:tag xilinx:name="ui.data.coregen.dd@678b6ed7_ARCHIVE_LOCATION">c:/AI_project/ip_repo/Btn_detector_1.0</xilinx:tag>
        <xilinx:tag xilinx:name="ui.data.coregen.dd@14a0e95b_ARCHIVE_LOCATION">c:/AI_project/ip_repo/Btn_detector_1.0</xilinx:tag>
        <xilinx:tag xilinx:name="ui.data.coregen.dd@5caa9bed_ARCHIVE_LOCATION">c:/AI_project/ip_repo/Btn_detector_1.0</xilinx:tag>
        <xilinx:tag xilinx:name="ui.data.coregen.dd@9f9cec3_ARCHIVE_LOCATION">c:/AI_project/ip_repo/Btn_detector_1.0</xilinx:tag>
        <xilinx:tag xilinx:name="ui.data.coregen.dd@d1a6ecb_ARCHIVE_LOCATION">c:/AI_project/ip_repo/Btn_detector_1.0</xilinx:tag>
        <xilinx:tag xilinx:name="ui.data.coregen.dd@4e843bb9_ARCHIVE_LOCATION">c:/AI_project/ip_repo/Btn_detector_1.0</xilinx:tag>
      </xilinx:tags>
      <xilinx:configElementInfos>
        <xilinx:configElementInfo xilinx:referenceId="BUSIFPARAM_VALUE.S00_AXI.ADDR_WIDTH" xilinx:valueSource="auto" xilinx:valuePermission="bd"/>
        <xilinx:configElementInfo xilinx:referenceId="BUSIFPARAM_VALUE.S00_AXI.ARUSER_WIDTH" xilinx:valueSource="constant" xilinx:valuePermission="bd"/>
        <xilinx:configElementInfo xilinx:referenceId="BUSIFPARAM_VALUE.S00_AXI.AWUSER_WIDTH" xilinx:valueSource="constant" xilinx:valuePermission="bd"/>
        <xilinx:configElementInfo xilinx:referenceId="BUSIFPARAM_VALUE.S00_AXI.BUSER_WIDTH" xilinx:valueSource="constant" xilinx:valuePermission="bd"/>
        <xilinx:configElementInfo xilinx:referenceId="BUSIFPARAM_VALUE.S00_AXI.CLK_DOMAIN" xilinx:valuePermission="bd"/>
        <xilinx:configElementInfo xilinx:referenceId="BUSIFPARAM_VALUE.S00_AXI.DATA_WIDTH" xilinx:valueSource="auto" xilinx:valuePermission="bd"/>
        <xilinx:configElementInfo xilinx:referenceId="BUSIFPARAM_VALUE.S00_AXI.FREQ_HZ" xilinx:valuePermission="bd"/>
        <xilinx:configElementInfo xilinx:referenceId="BUSIFPARAM_VALUE.S00_AXI.HAS_BRESP" xilinx:valueSource="constant" xilinx:valuePermission="bd"/>
        <xilinx:configElementInfo xilinx:referenceId="BUSIFPARAM_VALUE.S00_AXI.HAS_BURST" xilinx:valueSource="constant" xilinx:valuePermission="bd"/>
        <xilinx:configElementInfo xilinx:referenceId="BUSIFPARAM_VALUE.S00_AXI.HAS_CACHE" xilinx:valueSource="constant" xilinx:valuePermission="bd"/>
        <xilinx:configElementInfo xilinx:referenceId="BUSIFPARAM_VALUE.S00_AXI.HAS_LOCK" xilinx:valueSource="constant" xilinx:valuePermission="bd"/>
        <xilinx:configElementInfo xilinx:referenceId="BUSIFPARAM_VALUE.S00_AXI.HAS_PROT" xilinx:valueSource="constant" xilinx:valuePermission="bd"/>
        <xilinx:configElementInfo xilinx:referenceId="BUSIFPARAM_VALUE.S00_AXI.HAS_QOS" xilinx:valueSource="constant" xilinx:valuePermission="bd"/>
        <xilinx:configElementInfo xilinx:referenceId="BUSIFPARAM_VALUE.S00_AXI.HAS_REGION" xilinx:valueSource="constant" xilinx:valuePermission="bd"/>
        <xilinx:configElementInfo xilinx:referenceId="BUSIFPARAM_VALUE.S00_AXI.HAS_RRESP" xilinx:valueSource="constant" xilinx:valuePermission="bd"/>
        <xilinx:configElementInfo xilinx:referenceId="BUSIFPARAM_VALUE.S00_AXI.HAS_WSTRB" xilinx:valueSource="constant" xilinx:valuePermission="bd"/>
        <xilinx:configElementInfo xilinx:referenceId="BUSIFPARAM_VALUE.S00_AXI.ID_WIDTH" xilinx:valueSource="constant" xilinx:valuePermission="bd"/>
        <xilinx:configElementInfo xilinx:referenceId="BUSIFPARAM_VALUE.S00_AXI.MAX_BURST_LENGTH" xilinx:valuePermission="bd"/>
        <xilinx:configElementInfo xilinx:referenceId="BUSIFPARAM_VALUE.S00_AXI.NUM_READ_OUTSTANDING" xilinx:valueSource="default_prop" xilinx:valuePermission="bd"/>
        <xilinx:configElementInfo xilinx:referenceId="BUSIFPARAM_VALUE.S00_AXI.NUM_READ_THREADS" xilinx:valuePermission="bd"/>
        <xilinx:configElementInfo xilinx:referenceId="BUSIFPARAM_VALUE.S00_AXI.NUM_WRITE_OUTSTANDING" xilinx:valueSource="default_prop" xilinx:valuePermission="bd"/>
        <xilinx:configElementInfo xilinx:referenceId="BUSIFPARAM_VALUE.S00_AXI.NUM_WRITE_THREADS" xilinx:valuePermission="bd"/>
        <xilinx:configElementInfo xilinx:referenceId="BUSIFPARAM_VALUE.S00_AXI.PHASE" xilinx:valuePermission="bd"/>
        <xilinx:configElementInfo xilinx:referenceId="BUSIFPARAM_VALUE.S00_AXI.PROTOCOL" xilinx:valueSource="constant" xilinx:valuePermission="bd"/>
        <xilinx:configElementInfo xilinx:referenceId="BUSIFPARAM_VALUE.S00_AXI.READ_WRITE_MODE" xilinx:valueSource="constant" xilinx:valuePermission="bd"/>
        <xilinx:configElementInfo xilinx:referenceId="BUSIFPARAM_VALUE.S00_AXI.RUSER_BITS_PER_BYTE" xilinx:valuePermission="bd"/>
        <xilinx:configElementInfo xilinx:referenceId="BUSIFPARAM_VALUE.S00_AXI.RUSER_WIDTH" xilinx:valueSource="constant" xilinx:valuePermission="bd"/>
        <xilinx:configElementInfo xilinx:referenceId="BUSIFPARAM_VALUE.S00_AXI.SUPPORTS_NARROW_BURST" xilinx:valuePermission="bd"/>
        <xilinx:configElementInfo xilinx:referenceId="BUSIFPARAM_VALUE.S00_AXI.WIZ_DATA_WIDTH" xilinx:valuePermission="bd"/>
        <xilinx:configElementInfo xilinx:referenceId="BUSIFPARAM_VALUE.S00_AXI.WIZ_NUM_REG" xilinx:valuePermission="bd"/>
        <xilinx:configElementInfo xilinx:referenceId="BUSIFPARAM_VALUE.S00_AXI.WUSER_BITS_PER_BYTE" xilinx:valuePermission="bd"/>
        <xilinx:configElementInfo xilinx:referenceId="BUSIFPARAM_VALUE.S00_AXI.WUSER_WIDTH" xilinx:valueSource="constant" xilinx:valuePermission="bd"/>
        <xilinx:configElementInfo xilinx:referenceId="BUSIFPARAM_VALUE.S00_AXI_CLK.ASSOCIATED_BUSIF" xilinx:valuePermission="bd"/>
        <xilinx:configElementInfo xilinx:referenceId="BUSIFPARAM_VALUE.S00_AXI_CLK.ASSOCIATED_RESET" xilinx:valuePermission="bd"/>
        <xilinx:configElementInfo xilinx:referenceId="BUSIFPARAM_VALUE.S00_AXI_CLK.CLK_DOMAIN" xilinx:valuePermission="bd"/>
        <xilinx:configElementInfo xilinx:referenceId="BUSIFPARAM_VALUE.S00_AXI_CLK.FREQ_HZ" xilinx:valuePermission="bd"/>
        <xilinx:configElementInfo xilinx:referenceId="BUSIFPARAM_VALUE.S00_AXI_CLK.FREQ_TOLERANCE_HZ" xilinx:valuePermission="bd"/>
        <xilinx:configElementInfo xilinx:referenceId="BUSIFPARAM_VALUE.S00_AXI_CLK.PHASE" xilinx:valuePermission="bd"/>
        <xilinx:configElementInfo xilinx:referenceId="BUSIFPARAM_VALUE.S00_AXI_RST.POLARITY" xilinx:valuePermission="bd"/>
      </xilinx:configElementInfos>
    </xilinx:coreExtensions>
    <xilinx:packagingInfo>
      <xilinx:xilinxVersion>2020.2</xilinx:xilinxVersion>
      <xilinx:checksum xilinx:scope="busInterfaces" xilinx:value="7a63f3fc"/>
      <xilinx:checksum xilinx:scope="memoryMaps" xilinx:value="ed1368d5"/>
      <xilinx:checksum xilinx:scope="fileGroups" xilinx:value="8cf31bb6"/>
      <xilinx:checksum xilinx:scope="ports" xilinx:value="3b841010"/>
      <xilinx:checksum xilinx:scope="hdlParameters" xilinx:value="6992ea72"/>
      <xilinx:checksum xilinx:scope="parameters" xilinx:value="31c0ee05"/>
    </xilinx:packagingInfo>
  </spirit:vendorExtensions>
</spirit:component>
