<?xml version="1.0" encoding="UTF-8"?>
<spirit:component xmlns:xilinx="http://www.xilinx.com" xmlns:spirit="http://www.spiritconsortium.org/XMLSchema/SPIRIT/1685-2009" xmlns:xsi="http://www.w3.org/2001/XMLSchema-instance">
  <spirit:vendor>xilinx.com</spirit:vendor>
  <spirit:library>customized_ip</spirit:library>
  <spirit:name>design_1_UART_FP_0_0</spirit:name>
  <spirit:version>1.0</spirit:version>
  <spirit:busInterfaces>
    <spirit:busInterface>
      <spirit:name>S00_AXI</spirit:name>
      <spirit:busType spirit:vendor="xilinx.com" spirit:library="interface" spirit:name="aximm" spirit:version="1.0"/>
      <spirit:abstractionType spirit:vendor="xilinx.com" spirit:library="interface" spirit:name="aximm_rtl" spirit:version="1.0"/>
      <spirit:slave>
        <spirit:memoryMapRef spirit:memoryMapRef="S00_AXI"/>
      </spirit:slave>
      <spirit:portMaps>
        <spirit:portMap>
          <spirit:logicalPort>
            <spirit:name>AWADDR</spirit:name>
          </spirit:logicalPort>
          <spirit:physicalPort>
            <spirit:name>s00_axi_awaddr</spirit:name>
          </spirit:physicalPort>
        </spirit:portMap>
        <spirit:portMap>
          <spirit:logicalPort>
            <spirit:name>AWPROT</spirit:name>
          </spirit:logicalPort>
          <spirit:physicalPort>
            <spirit:name>s00_axi_awprot</spirit:name>
          </spirit:physicalPort>
        </spirit:portMap>
        <spirit:portMap>
          <spirit:logicalPort>
            <spirit:name>AWVALID</spirit:name>
          </spirit:logicalPort>
          <spirit:physicalPort>
            <spirit:name>s00_axi_awvalid</spirit:name>
          </spirit:physicalPort>
        </spirit:portMap>
        <spirit:portMap>
          <spirit:logicalPort>
            <spirit:name>AWREADY</spirit:name>
          </spirit:logicalPort>
          <spirit:physicalPort>
            <spirit:name>s00_axi_awready</spirit:name>
          </spirit:physicalPort>
        </spirit:portMap>
        <spirit:portMap>
          <spirit:logicalPort>
            <spirit:name>WDATA</spirit:name>
          </spirit:logicalPort>
          <spirit:physicalPort>
            <spirit:name>s00_axi_wdata</spirit:name>
          </spirit:physicalPort>
        </spirit:portMap>
        <spirit:portMap>
          <spirit:logicalPort>
            <spirit:name>WSTRB</spirit:name>
          </spirit:logicalPort>
          <spirit:physicalPort>
            <spirit:name>s00_axi_wstrb</spirit:name>
          </spirit:physicalPort>
        </spirit:portMap>
        <spirit:portMap>
          <spirit:logicalPort>
            <spirit:name>WVALID</spirit:name>
          </spirit:logicalPort>
          <spirit:physicalPort>
            <spirit:name>s00_axi_wvalid</spirit:name>
          </spirit:physicalPort>
        </spirit:portMap>
        <spirit:portMap>
          <spirit:logicalPort>
            <spirit:name>WREADY</spirit:name>
          </spirit:logicalPort>
          <spirit:physicalPort>
            <spirit:name>s00_axi_wready</spirit:name>
          </spirit:physicalPort>
        </spirit:portMap>
        <spirit:portMap>
          <spirit:logicalPort>
            <spirit:name>BRESP</spirit:name>
          </spirit:logicalPort>
          <spirit:physicalPort>
            <spirit:name>s00_axi_bresp</spirit:name>
          </spirit:physicalPort>
        </spirit:portMap>
        <spirit:portMap>
          <spirit:logicalPort>
            <spirit:name>BVALID</spirit:name>
          </spirit:logicalPort>
          <spirit:physicalPort>
            <spirit:name>s00_axi_bvalid</spirit:name>
          </spirit:physicalPort>
        </spirit:portMap>
        <spirit:portMap>
          <spirit:logicalPort>
            <spirit:name>BREADY</spirit:name>
          </spirit:logicalPort>
          <spirit:physicalPort>
            <spirit:name>s00_axi_bready</spirit:name>
          </spirit:physicalPort>
        </spirit:portMap>
        <spirit:portMap>
          <spirit:logicalPort>
            <spirit:name>ARADDR</spirit:name>
          </spirit:logicalPort>
          <spirit:physicalPort>
            <spirit:name>s00_axi_araddr</spirit:name>
          </spirit:physicalPort>
        </spirit:portMap>
        <spirit:portMap>
          <spirit:logicalPort>
            <spirit:name>ARPROT</spirit:name>
          </spirit:logicalPort>
          <spirit:physicalPort>
            <spirit:name>s00_axi_arprot</spirit:name>
          </spirit:physicalPort>
        </spirit:portMap>
        <spirit:portMap>
          <spirit:logicalPort>
            <spirit:name>ARVALID</spirit:name>
          </spirit:logicalPort>
          <spirit:physicalPort>
            <spirit:name>s00_axi_arvalid</spirit:name>
          </spirit:physicalPort>
        </spirit:portMap>
        <spirit:portMap>
          <spirit:logicalPort>
            <spirit:name>ARREADY</spirit:name>
          </spirit:logicalPort>
          <spirit:physicalPort>
            <spirit:name>s00_axi_arready</spirit:name>
          </spirit:physicalPort>
        </spirit:portMap>
        <spirit:portMap>
          <spirit:logicalPort>
            <spirit:name>RDATA</spirit:name>
          </spirit:logicalPort>
          <spirit:physicalPort>
            <spirit:name>s00_axi_rdata</spirit:name>
          </spirit:physicalPort>
        </spirit:portMap>
        <spirit:portMap>
          <spirit:logicalPort>
            <spirit:name>RRESP</spirit:name>
          </spirit:logicalPort>
          <spirit:physicalPort>
            <spirit:name>s00_axi_rresp</spirit:name>
          </spirit:physicalPort>
        </spirit:portMap>
        <spirit:portMap>
          <spirit:logicalPort>
            <spirit:name>RVALID</spirit:name>
          </spirit:logicalPort>
          <spirit:physicalPort>
            <spirit:name>s00_axi_rvalid</spirit:name>
          </spirit:physicalPort>
        </spirit:portMap>
        <spirit:portMap>
          <spirit:logicalPort>
            <spirit:name>RREADY</spirit:name>
          </spirit:logicalPort>
          <spirit:physicalPort>
            <spirit:name>s00_axi_rready</spirit:name>
          </spirit:physicalPort>
        </spirit:portMap>
      </spirit:portMaps>
      <spirit:parameters>
        <spirit:parameter>
          <spirit:name>WIZ_DATA_WIDTH</spirit:name>
          <spirit:value spirit:format="long" spirit:id="BUSIFPARAM_VALUE.S00_AXI.WIZ_DATA_WIDTH" spirit:choiceRef="choice_list_6fc15197">32</spirit:value>
        </spirit:parameter>
        <spirit:parameter>
          <spirit:name>WIZ_NUM_REG</spirit:name>
          <spirit:value spirit:format="long" spirit:id="BUSIFPARAM_VALUE.S00_AXI.WIZ_NUM_REG" spirit:minimum="4" spirit:maximum="512" spirit:rangeType="long">4</spirit:value>
        </spirit:parameter>
        <spirit:parameter>
          <spirit:name>SUPPORTS_NARROW_BURST</spirit:name>
          <spirit:value spirit:format="long" spirit:id="BUSIFPARAM_VALUE.S00_AXI.SUPPORTS_NARROW_BURST" spirit:choiceRef="choice_pairs_ce1226b1">0</spirit:value>
        </spirit:parameter>
        <spirit:parameter>
          <spirit:name>DATA_WIDTH</spirit:name>
          <spirit:value spirit:format="long" spirit:resolve="generated" spirit:id="BUSIFPARAM_VALUE.S00_AXI.DATA_WIDTH">32</spirit:value>
          <spirit:vendorExtensions>
            <xilinx:parameterInfo>
              <xilinx:parameterUsage>none</xilinx:parameterUsage>
            </xilinx:parameterInfo>
          </spirit:vendorExtensions>
        </spirit:parameter>
        <spirit:parameter>
          <spirit:name>PROTOCOL</spirit:name>
          <spirit:value spirit:resolve="generated" spirit:id="BUSIFPARAM_VALUE.S00_AXI.PROTOCOL">AXI4LITE</spirit:value>
          <spirit:vendorExtensions>
            <xilinx:parameterInfo>
              <xilinx:parameterUsage>none</xilinx:parameterUsage>
            </xilinx:parameterInfo>
          </spirit:vendorExtensions>
        </spirit:parameter>
        <spirit:parameter>
          <spirit:name>FREQ_HZ</spirit:name>
          <spirit:value spirit:format="long" spirit:resolve="generated" spirit:id="BUSIFPARAM_VALUE.S00_AXI.FREQ_HZ">100000000</spirit:value>
          <spirit:vendorExtensions>
            <xilinx:parameterInfo>
              <xilinx:parameterUsage>none</xilinx:parameterUsage>
            </xilinx:parameterInfo>
          </spirit:vendorExtensions>
        </spirit:parameter>
        <spirit:parameter>
          <spirit:name>ID_WIDTH</spirit:name>
          <spirit:value spirit:format="long" spirit:resolve="generated" spirit:id="BUSIFPARAM_VALUE.S00_AXI.ID_WIDTH">0</spirit:value>
          <spirit:vendorExtensions>
            <xilinx:parameterInfo>
              <xilinx:parameterUsage>none</xilinx:parameterUsage>
            </xilinx:parameterInfo>
          </spirit:vendorExtensions>
        </spirit:parameter>
        <spirit:parameter>
          <spirit:name>ADDR_WIDTH</spirit:name>
          <spirit:value spirit:format="long" spirit:resolve="generated" spirit:id="BUSIFPARAM_VALUE.S00_AXI.ADDR_WIDTH">4</spirit:value>
          <spirit:vendorExtensions>
            <xilinx:parameterInfo>
              <xilinx:parameterUsage>none</xilinx:parameterUsage>
            </xilinx:parameterInfo>
          </spirit:vendorExtensions>
        </spirit:parameter>
        <spirit:parameter>
          <spirit:name>AWUSER_WIDTH</spirit:name>
          <spirit:value spirit:format="long" spirit:resolve="generated" spirit:id="BUSIFPARAM_VALUE.S00_AXI.AWUSER_WIDTH">0</spirit:value>
          <spirit:vendorExtensions>
            <xilinx:parameterInfo>
              <xilinx:parameterUsage>none</xilinx:parameterUsage>
            </xilinx:parameterInfo>
          </spirit:vendorExtensions>
        </spirit:parameter>
        <spirit:parameter>
          <spirit:name>ARUSER_WIDTH</spirit:name>
          <spirit:value spirit:format="long" spirit:resolve="generated" spirit:id="BUSIFPARAM_VALUE.S00_AXI.ARUSER_WIDTH">0</spirit:value>
          <spirit:vendorExtensions>
            <xilinx:parameterInfo>
              <xilinx:parameterUsage>none</xilinx:parameterUsage>
            </xilinx:parameterInfo>
          </spirit:vendorExtensions>
        </spirit:parameter>
        <spirit:parameter>
          <spirit:name>WUSER_WIDTH</spirit:name>
          <spirit:value spirit:format="long" spirit:resolve="generated" spirit:id="BUSIFPARAM_VALUE.S00_AXI.WUSER_WIDTH">0</spirit:value>
          <spirit:vendorExtensions>
            <xilinx:parameterInfo>
              <xilinx:parameterUsage>none</xilinx:parameterUsage>
            </xilinx:parameterInfo>
          </spirit:vendorExtensions>
        </spirit:parameter>
        <spirit:parameter>
          <spirit:name>RUSER_WIDTH</spirit:name>
          <spirit:value spirit:format="long" spirit:resolve="generated" spirit:id="BUSIFPARAM_VALUE.S00_AXI.RUSER_WIDTH">0</spirit:value>
          <spirit:vendorExtensions>
            <xilinx:parameterInfo>
              <xilinx:parameterUsage>none</xilinx:parameterUsage>
            </xilinx:parameterInfo>
          </spirit:vendorExtensions>
        </spirit:parameter>
        <spirit:parameter>
          <spirit:name>BUSER_WIDTH</spirit:name>
          <spirit:value spirit:format="long" spirit:resolve="generated" spirit:id="BUSIFPARAM_VALUE.S00_AXI.BUSER_WIDTH">0</spirit:value>
          <spirit:vendorExtensions>
            <xilinx:parameterInfo>
              <xilinx:parameterUsage>none</xilinx:parameterUsage>
            </xilinx:parameterInfo>
          </spirit:vendorExtensions>
        </spirit:parameter>
        <spirit:parameter>
          <spirit:name>READ_WRITE_MODE</spirit:name>
          <spirit:value spirit:resolve="generated" spirit:id="BUSIFPARAM_VALUE.S00_AXI.READ_WRITE_MODE">READ_WRITE</spirit:value>
          <spirit:vendorExtensions>
            <xilinx:parameterInfo>
              <xilinx:parameterUsage>none</xilinx:parameterUsage>
            </xilinx:parameterInfo>
          </spirit:vendorExtensions>
        </spirit:parameter>
        <spirit:parameter>
          <spirit:name>HAS_BURST</spirit:name>
          <spirit:value spirit:format="long" spirit:resolve="generated" spirit:id="BUSIFPARAM_VALUE.S00_AXI.HAS_BURST">0</spirit:value>
          <spirit:vendorExtensions>
            <xilinx:parameterInfo>
              <xilinx:parameterUsage>none</xilinx:parameterUsage>
            </xilinx:parameterInfo>
          </spirit:vendorExtensions>
        </spirit:parameter>
        <spirit:parameter>
          <spirit:name>HAS_LOCK</spirit:name>
          <spirit:value spirit:format="long" spirit:resolve="generated" spirit:id="BUSIFPARAM_VALUE.S00_AXI.HAS_LOCK">0</spirit:value>
          <spirit:vendorExtensions>
            <xilinx:parameterInfo>
              <xilinx:parameterUsage>none</xilinx:parameterUsage>
            </xilinx:parameterInfo>
          </spirit:vendorExtensions>
        </spirit:parameter>
        <spirit:parameter>
          <spirit:name>HAS_PROT</spirit:name>
          <spirit:value spirit:format="long" spirit:resolve="generated" spirit:id="BUSIFPARAM_VALUE.S00_AXI.HAS_PROT">1</spirit:value>
          <spirit:vendorExtensions>
            <xilinx:parameterInfo>
              <xilinx:parameterUsage>none</xilinx:parameterUsage>
            </xilinx:parameterInfo>
          </spirit:vendorExtensions>
        </spirit:parameter>
        <spirit:parameter>
          <spirit:name>HAS_CACHE</spirit:name>
          <spirit:value spirit:format="long" spirit:resolve="generated" spirit:id="BUSIFPARAM_VALUE.S00_AXI.HAS_CACHE">0</spirit:value>
          <spirit:vendorExtensions>
            <xilinx:parameterInfo>
              <xilinx:parameterUsage>none</xilinx:parameterUsage>
            </xilinx:parameterInfo>
          </spirit:vendorExtensions>
        </spirit:parameter>
        <spirit:parameter>
          <spirit:name>HAS_QOS</spirit:name>
          <spirit:value spirit:format="long" spirit:resolve="generated" spirit:id="BUSIFPARAM_VALUE.S00_AXI.HAS_QOS">0</spirit:value>
          <spirit:vendorExtensions>
            <xilinx:parameterInfo>
              <xilinx:parameterUsage>none</xilinx:parameterUsage>
            </xilinx:parameterInfo>
          </spirit:vendorExtensions>
        </spirit:parameter>
        <spirit:parameter>
          <spirit:name>HAS_REGION</spirit:name>
          <spirit:value spirit:format="long" spirit:resolve="generated" spirit:id="BUSIFPARAM_VALUE.S00_AXI.HAS_REGION">0</spirit:value>
          <spirit:vendorExtensions>
            <xilinx:parameterInfo>
              <xilinx:parameterUsage>none</xilinx:parameterUsage>
            </xilinx:parameterInfo>
          </spirit:vendorExtensions>
        </spirit:parameter>
        <spirit:parameter>
          <spirit:name>HAS_WSTRB</spirit:name>
          <spirit:value spirit:format="long" spirit:resolve="generated" spirit:id="BUSIFPARAM_VALUE.S00_AXI.HAS_WSTRB">1</spirit:value>
          <spirit:vendorExtensions>
            <xilinx:parameterInfo>
              <xilinx:parameterUsage>none</xilinx:parameterUsage>
            </xilinx:parameterInfo>
          </spirit:vendorExtensions>
        </spirit:parameter>
        <spirit:parameter>
          <spirit:name>HAS_BRESP</spirit:name>
          <spirit:value spirit:format="long" spirit:resolve="generated" spirit:id="BUSIFPARAM_VALUE.S00_AXI.HAS_BRESP">1</spirit:value>
          <spirit:vendorExtensions>
            <xilinx:parameterInfo>
              <xilinx:parameterUsage>none</xilinx:parameterUsage>
            </xilinx:parameterInfo>
          </spirit:vendorExtensions>
        </spirit:parameter>
        <spirit:parameter>
          <spirit:name>HAS_RRESP</spirit:name>
          <spirit:value spirit:format="long" spirit:resolve="generated" spirit:id="BUSIFPARAM_VALUE.S00_AXI.HAS_RRESP">1</spirit:value>
          <spirit:vendorExtensions>
            <xilinx:parameterInfo>
              <xilinx:parameterUsage>none</xilinx:parameterUsage>
            </xilinx:parameterInfo>
          </spirit:vendorExtensions>
        </spirit:parameter>
        <spirit:parameter>
          <spirit:name>NUM_READ_OUTSTANDING</spirit:name>
          <spirit:value spirit:format="long" spirit:resolve="generated" spirit:id="BUSIFPARAM_VALUE.S00_AXI.NUM_READ_OUTSTANDING">2</spirit:value>
          <spirit:vendorExtensions>
            <xilinx:parameterInfo>
              <xilinx:parameterUsage>none</xilinx:parameterUsage>
            </xilinx:parameterInfo>
          </spirit:vendorExtensions>
        </spirit:parameter>
        <spirit:parameter>
          <spirit:name>NUM_WRITE_OUTSTANDING</spirit:name>
          <spirit:value spirit:format="long" spirit:resolve="generated" spirit:id="BUSIFPARAM_VALUE.S00_AXI.NUM_WRITE_OUTSTANDING">2</spirit:value>
          <spirit:vendorExtensions>
            <xilinx:parameterInfo>
              <xilinx:parameterUsage>none</xilinx:parameterUsage>
            </xilinx:parameterInfo>
          </spirit:vendorExtensions>
        </spirit:parameter>
        <spirit:parameter>
          <spirit:name>MAX_BURST_LENGTH</spirit:name>
          <spirit:value spirit:format="long" spirit:resolve="generated" spirit:id="BUSIFPARAM_VALUE.S00_AXI.MAX_BURST_LENGTH">1</spirit:value>
          <spirit:vendorExtensions>
            <xilinx:parameterInfo>
              <xilinx:parameterUsage>none</xilinx:parameterUsage>
            </xilinx:parameterInfo>
          </spirit:vendorExtensions>
        </spirit:parameter>
        <spirit:parameter>
          <spirit:name>PHASE</spirit:name>
          <spirit:value spirit:format="float" spirit:resolve="generated" spirit:id="BUSIFPARAM_VALUE.S00_AXI.PHASE">0.0</spirit:value>
          <spirit:vendorExtensions>
            <xilinx:parameterInfo>
              <xilinx:parameterUsage>none</xilinx:parameterUsage>
            </xilinx:parameterInfo>
          </spirit:vendorExtensions>
        </spirit:parameter>
        <spirit:parameter>
          <spirit:name>CLK_DOMAIN</spirit:name>
          <spirit:value spirit:resolve="generated" spirit:id="BUSIFPARAM_VALUE.S00_AXI.CLK_DOMAIN">/clk_wiz_1_clk_out1</spirit:value>
          <spirit:vendorExtensions>
            <xilinx:parameterInfo>
              <xilinx:parameterUsage>none</xilinx:parameterUsage>
            </xilinx:parameterInfo>
          </spirit:vendorExtensions>
        </spirit:parameter>
        <spirit:parameter>
          <spirit:name>NUM_READ_THREADS</spirit:name>
          <spirit:value spirit:format="long" spirit:resolve="generated" spirit:id="BUSIFPARAM_VALUE.S00_AXI.NUM_READ_THREADS">1</spirit:value>
          <spirit:vendorExtensions>
            <xilinx:parameterInfo>
              <xilinx:parameterUsage>none</xilinx:parameterUsage>
            </xilinx:parameterInfo>
          </spirit:vendorExtensions>
        </spirit:parameter>
        <spirit:parameter>
          <spirit:name>NUM_WRITE_THREADS</spirit:name>
          <spirit:value spirit:format="long" spirit:resolve="generated" spirit:id="BUSIFPARAM_VALUE.S00_AXI.NUM_WRITE_THREADS">1</spirit:value>
          <spirit:vendorExtensions>
            <xilinx:parameterInfo>
              <xilinx:parameterUsage>none</xilinx:parameterUsage>
            </xilinx:parameterInfo>
          </spirit:vendorExtensions>
        </spirit:parameter>
        <spirit:parameter>
          <spirit:name>RUSER_BITS_PER_BYTE</spirit:name>
          <spirit:value spirit:format="long" spirit:resolve="generated" spirit:id="BUSIFPARAM_VALUE.S00_AXI.RUSER_BITS_PER_BYTE">0</spirit:value>
          <spirit:vendorExtensions>
            <xilinx:parameterInfo>
              <xilinx:parameterUsage>none</xilinx:parameterUsage>
            </xilinx:parameterInfo>
          </spirit:vendorExtensions>
        </spirit:parameter>
        <spirit:parameter>
          <spirit:name>WUSER_BITS_PER_BYTE</spirit:name>
          <spirit:value spirit:format="long" spirit:resolve="generated" spirit:id="BUSIFPARAM_VALUE.S00_AXI.WUSER_BITS_PER_BYTE">0</spirit:value>
          <spirit:vendorExtensions>
            <xilinx:parameterInfo>
              <xilinx:parameterUsage>none</xilinx:parameterUsage>
            </xilinx:parameterInfo>
          </spirit:vendorExtensions>
        </spirit:parameter>
        <spirit:parameter>
          <spirit:name>INSERT_VIP</spirit:name>
          <spirit:value spirit:format="long" spirit:resolve="user" spirit:id="BUSIFPARAM_VALUE.S00_AXI.INSERT_VIP">0</spirit:value>
          <spirit:vendorExtensions>
            <xilinx:parameterInfo>
              <xilinx:parameterUsage>simulation.rtl</xilinx:parameterUsage>
            </xilinx:parameterInfo>
          </spirit:vendorExtensions>
        </spirit:parameter>
      </spirit:parameters>
    </spirit:busInterface>
    <spirit:busInterface>
      <spirit:name>S00_AXI_RST</spirit:name>
      <spirit:busType spirit:vendor="xilinx.com" spirit:library="signal" spirit:name="reset" spirit:version="1.0"/>
      <spirit:abstractionType spirit:vendor="xilinx.com" spirit:library="signal" spirit:name="reset_rtl" spirit:version="1.0"/>
      <spirit:slave/>
      <spirit:portMaps>
        <spirit:portMap>
          <spirit:logicalPort>
            <spirit:name>RST</spirit:name>
          </spirit:logicalPort>
          <spirit:physicalPort>
            <spirit:name>s00_axi_aresetn</spirit:name>
          </spirit:physicalPort>
        </spirit:portMap>
      </spirit:portMaps>
      <spirit:parameters>
        <spirit:parameter>
          <spirit:name>POLARITY</spirit:name>
          <spirit:value spirit:id="BUSIFPARAM_VALUE.S00_AXI_RST.POLARITY" spirit:choiceRef="choice_list_9d8b0d81">ACTIVE_LOW</spirit:value>
        </spirit:parameter>
        <spirit:parameter>
          <spirit:name>INSERT_VIP</spirit:name>
          <spirit:value spirit:format="long" spirit:resolve="user" spirit:id="BUSIFPARAM_VALUE.S00_AXI_RST.INSERT_VIP">0</spirit:value>
          <spirit:vendorExtensions>
            <xilinx:parameterInfo>
              <xilinx:parameterUsage>simulation.rtl</xilinx:parameterUsage>
            </xilinx:parameterInfo>
          </spirit:vendorExtensions>
        </spirit:parameter>
      </spirit:parameters>
    </spirit:busInterface>
    <spirit:busInterface>
      <spirit:name>S00_AXI_CLK</spirit:name>
      <spirit:busType spirit:vendor="xilinx.com" spirit:library="signal" spirit:name="clock" spirit:version="1.0"/>
      <spirit:abstractionType spirit:vendor="xilinx.com" spirit:library="signal" spirit:name="clock_rtl" spirit:version="1.0"/>
      <spirit:slave/>
      <spirit:portMaps>
        <spirit:portMap>
          <spirit:logicalPort>
            <spirit:name>CLK</spirit:name>
          </spirit:logicalPort>
          <spirit:physicalPort>
            <spirit:name>s00_axi_aclk</spirit:name>
          </spirit:physicalPort>
        </spirit:portMap>
      </spirit:portMaps>
      <spirit:parameters>
        <spirit:parameter>
          <spirit:name>ASSOCIATED_BUSIF</spirit:name>
          <spirit:value spirit:id="BUSIFPARAM_VALUE.S00_AXI_CLK.ASSOCIATED_BUSIF">S00_AXI</spirit:value>
        </spirit:parameter>
        <spirit:parameter>
          <spirit:name>ASSOCIATED_RESET</spirit:name>
          <spirit:value spirit:id="BUSIFPARAM_VALUE.S00_AXI_CLK.ASSOCIATED_RESET">s00_axi_aresetn</spirit:value>
        </spirit:parameter>
        <spirit:parameter>
          <spirit:name>FREQ_HZ</spirit:name>
          <spirit:value spirit:format="long" spirit:resolve="generated" spirit:id="BUSIFPARAM_VALUE.S00_AXI_CLK.FREQ_HZ">100000000</spirit:value>
          <spirit:vendorExtensions>
            <xilinx:parameterInfo>
              <xilinx:parameterUsage>none</xilinx:parameterUsage>
            </xilinx:parameterInfo>
          </spirit:vendorExtensions>
        </spirit:parameter>
        <spirit:parameter>
          <spirit:name>FREQ_TOLERANCE_HZ</spirit:name>
          <spirit:value spirit:format="long" spirit:resolve="generated" spirit:id="BUSIFPARAM_VALUE.S00_AXI_CLK.FREQ_TOLERANCE_HZ">0</spirit:value>
          <spirit:vendorExtensions>
            <xilinx:parameterInfo>
              <xilinx:parameterUsage>none</xilinx:parameterUsage>
            </xilinx:parameterInfo>
          </spirit:vendorExtensions>
        </spirit:parameter>
        <spirit:parameter>
          <spirit:name>PHASE</spirit:name>
          <spirit:value spirit:format="float" spirit:resolve="generated" spirit:id="BUSIFPARAM_VALUE.S00_AXI_CLK.PHASE">0.0</spirit:value>
          <spirit:vendorExtensions>
            <xilinx:parameterInfo>
              <xilinx:parameterUsage>none</xilinx:parameterUsage>
            </xilinx:parameterInfo>
          </spirit:vendorExtensions>
        </spirit:parameter>
        <spirit:parameter>
          <spirit:name>CLK_DOMAIN</spirit:name>
          <spirit:value spirit:resolve="generated" spirit:id="BUSIFPARAM_VALUE.S00_AXI_CLK.CLK_DOMAIN">/clk_wiz_1_clk_out1</spirit:value>
          <spirit:vendorExtensions>
            <xilinx:parameterInfo>
              <xilinx:parameterUsage>none</xilinx:parameterUsage>
            </xilinx:parameterInfo>
          </spirit:vendorExtensions>
        </spirit:parameter>
        <spirit:parameter>
          <spirit:name>INSERT_VIP</spirit:name>
          <spirit:value spirit:format="long" spirit:resolve="user" spirit:id="BUSIFPARAM_VALUE.S00_AXI_CLK.INSERT_VIP">0</spirit:value>
          <spirit:vendorExtensions>
            <xilinx:parameterInfo>
              <xilinx:parameterUsage>simulation.rtl</xilinx:parameterUsage>
            </xilinx:parameterInfo>
          </spirit:vendorExtensions>
        </spirit:parameter>
      </spirit:parameters>
    </spirit:busInterface>
  </spirit:busInterfaces>
  <spirit:memoryMaps>
    <spirit:memoryMap>
      <spirit:name>S00_AXI</spirit:name>
      <spirit:addressBlock>
        <spirit:name>S00_AXI_reg</spirit:name>
        <spirit:baseAddress spirit:format="long" spirit:resolve="user">0</spirit:baseAddress>
        <spirit:range spirit:format="long">4096</spirit:range>
        <spirit:width spirit:format="long">32</spirit:width>
        <spirit:usage>register</spirit:usage>
        <spirit:parameters>
          <spirit:parameter>
            <spirit:name>OFFSET_BASE_PARAM</spirit:name>
            <spirit:value spirit:id="ADDRBLOCKPARAM_VALUE.S00_AXI.S00_AXI_REG.OFFSET_BASE_PARAM">C_S00_AXI_BASEADDR</spirit:value>
          </spirit:parameter>
          <spirit:parameter>
            <spirit:name>OFFSET_HIGH_PARAM</spirit:name>
            <spirit:value spirit:id="ADDRBLOCKPARAM_VALUE.S00_AXI.S00_AXI_REG.OFFSET_HIGH_PARAM">C_S00_AXI_HIGHADDR</spirit:value>
          </spirit:parameter>
        </spirit:parameters>
      </spirit:addressBlock>
    </spirit:memoryMap>
  </spirit:memoryMaps>
  <spirit:model>
    <spirit:views>
      <spirit:view>
        <spirit:name>xilinx_verilogsynthesis</spirit:name>
        <spirit:displayName>Verilog Synthesis</spirit:displayName>
        <spirit:envIdentifier>verilogSource:vivado.xilinx.com:synthesis</spirit:envIdentifier>
        <spirit:language>verilog</spirit:language>
        <spirit:modelName>UART_FP_v1_0</spirit:modelName>
        <spirit:fileSetRef>
          <spirit:localName>xilinx_verilogsynthesis_view_fileset</spirit:localName>
        </spirit:fileSetRef>
        <spirit:parameters>
          <spirit:parameter>
            <spirit:name>GENtimestamp</spirit:name>
            <spirit:value>Thu Sep 18 23:59:02 UTC 2025</spirit:value>
          </spirit:parameter>
          <spirit:parameter>
            <spirit:name>outputProductCRC</spirit:name>
            <spirit:value>9:6e0aef4f</spirit:value>
          </spirit:parameter>
        </spirit:parameters>
      </spirit:view>
      <spirit:view>
        <spirit:name>xilinx_synthesisconstraints</spirit:name>
        <spirit:displayName>Synthesis Constraints</spirit:displayName>
        <spirit:envIdentifier>:vivado.xilinx.com:synthesis.constraints</spirit:envIdentifier>
        <spirit:parameters>
          <spirit:parameter>
            <spirit:name>outputProductCRC</spirit:name>
            <spirit:value>9:6e0aef4f</spirit:value>
          </spirit:parameter>
        </spirit:parameters>
      </spirit:view>
      <spirit:view>
        <spirit:name>xilinx_verilogsynthesiswrapper</spirit:name>
        <spirit:displayName>Verilog Synthesis Wrapper</spirit:displayName>
        <spirit:envIdentifier>verilogSource:vivado.xilinx.com:synthesis.wrapper</spirit:envIdentifier>
        <spirit:language>verilog</spirit:language>
        <spirit:modelName>design_1_UART_FP_0_0</spirit:modelName>
        <spirit:fileSetRef>
          <spirit:localName>xilinx_verilogsynthesiswrapper_view_fileset</spirit:localName>
        </spirit:fileSetRef>
        <spirit:parameters>
          <spirit:parameter>
            <spirit:name>GENtimestamp</spirit:name>
            <spirit:value>Thu Sep 18 23:59:02 UTC 2025</spirit:value>
          </spirit:parameter>
          <spirit:parameter>
            <spirit:name>outputProductCRC</spirit:name>
            <spirit:value>9:6e0aef4f</spirit:value>
          </spirit:parameter>
        </spirit:parameters>
      </spirit:view>
      <spirit:view>
        <spirit:name>xilinx_verilogbehavioralsimulation</spirit:name>
        <spirit:displayName>Verilog Simulation</spirit:displayName>
        <spirit:envIdentifier>verilogSource:vivado.xilinx.com:simulation</spirit:envIdentifier>
        <spirit:language>verilog</spirit:language>
        <spirit:modelName>UART_FP_v1_0</spirit:modelName>
        <spirit:fileSetRef>
          <spirit:localName>xilinx_verilogbehavioralsimulation_view_fileset</spirit:localName>
        </spirit:fileSetRef>
        <spirit:parameters>
          <spirit:parameter>
            <spirit:name>GENtimestamp</spirit:name>
            <spirit:value>Thu Sep 18 23:59:02 UTC 2025</spirit:value>
          </spirit:parameter>
          <spirit:parameter>
            <spirit:name>outputProductCRC</spirit:name>
            <spirit:value>9:7513c0d3</spirit:value>
          </spirit:parameter>
        </spirit:parameters>
      </spirit:view>
      <spirit:view>
        <spirit:name>xilinx_verilogsimulationwrapper</spirit:name>
        <spirit:displayName>Verilog Simulation Wrapper</spirit:displayName>
        <spirit:envIdentifier>verilogSource:vivado.xilinx.com:simulation.wrapper</spirit:envIdentifier>
        <spirit:language>verilog</spirit:language>
        <spirit:modelName>design_1_UART_FP_0_0</spirit:modelName>
        <spirit:fileSetRef>
          <spirit:localName>xilinx_verilogsimulationwrapper_view_fileset</spirit:localName>
        </spirit:fileSetRef>
        <spirit:parameters>
          <spirit:parameter>
            <spirit:name>GENtimestamp</spirit:name>
            <spirit:value>Thu Sep 18 23:59:02 UTC 2025</spirit:value>
          </spirit:parameter>
          <spirit:parameter>
            <spirit:name>outputProductCRC</spirit:name>
            <spirit:value>9:7513c0d3</spirit:value>
          </spirit:parameter>
        </spirit:parameters>
      </spirit:view>
    </spirit:views>
    <spirit:ports>
      <spirit:port>
        <spirit:name>tx</spirit:name>
        <spirit:wire>
          <spirit:direction>out</spirit:direction>
          <spirit:wireTypeDefs>
            <spirit:wireTypeDef>
              <spirit:typeName>std_logic</spirit:typeName>
              <spirit:viewNameRef>xilinx_verilogsynthesis</spirit:viewNameRef>
              <spirit:viewNameRef>xilinx_verilogbehavioralsimulation</spirit:viewNameRef>
            </spirit:wireTypeDef>
          </spirit:wireTypeDefs>
        </spirit:wire>
      </spirit:port>
      <spirit:port>
        <spirit:name>rx</spirit:name>
        <spirit:wire>
          <spirit:direction>in</spirit:direction>
          <spirit:wireTypeDefs>
            <spirit:wireTypeDef>
              <spirit:typeName>std_logic</spirit:typeName>
              <spirit:viewNameRef>xilinx_verilogsynthesis</spirit:viewNameRef>
              <spirit:viewNameRef>xilinx_verilogbehavioralsimulation</spirit:viewNameRef>
            </spirit:wireTypeDef>
          </spirit:wireTypeDefs>
        </spirit:wire>
      </spirit:port>
      <spirit:port>
        <spirit:name>s00_axi_aclk</spirit:name>
        <spirit:wire>
          <spirit:direction>in</spirit:direction>
          <spirit:wireTypeDefs>
            <spirit:wireTypeDef>
              <spirit:typeName>wire</spirit:typeName>
              <spirit:viewNameRef>xilinx_verilogsynthesis</spirit:viewNameRef>
              <spirit:viewNameRef>xilinx_verilogbehavioralsimulation</spirit:viewNameRef>
            </spirit:wireTypeDef>
          </spirit:wireTypeDefs>
        </spirit:wire>
      </spirit:port>
      <spirit:port>
        <spirit:name>s00_axi_aresetn</spirit:name>
        <spirit:wire>
          <spirit:direction>in</spirit:direction>
          <spirit:wireTypeDefs>
            <spirit:wireTypeDef>
              <spirit:typeName>wire</spirit:typeName>
              <spirit:viewNameRef>xilinx_verilogsynthesis</spirit:viewNameRef>
              <spirit:viewNameRef>xilinx_verilogbehavioralsimulation</spirit:viewNameRef>
            </spirit:wireTypeDef>
          </spirit:wireTypeDefs>
        </spirit:wire>
      </spirit:port>
      <spirit:port>
        <spirit:name>s00_axi_awaddr</spirit:name>
        <spirit:wire>
          <spirit:direction>in</spirit:direction>
          <spirit:vector>
            <spirit:left spirit:format="long" spirit:resolve="dependent" spirit:dependency="(spirit:decode(id(&apos;MODELPARAM_VALUE.C_S00_AXI_ADDR_WIDTH&apos;)) - 1)">3</spirit:left>
            <spirit:right spirit:format="long">0</spirit:right>
          </spirit:vector>
          <spirit:wireTypeDefs>
            <spirit:wireTypeDef>
              <spirit:typeName>wire</spirit:typeName>
              <spirit:viewNameRef>xilinx_verilogsynthesis</spirit:viewNameRef>
              <spirit:viewNameRef>xilinx_verilogbehavioralsimulation</spirit:viewNameRef>
            </spirit:wireTypeDef>
          </spirit:wireTypeDefs>
        </spirit:wire>
      </spirit:port>
      <spirit:port>
        <spirit:name>s00_axi_awprot</spirit:name>
        <spirit:wire>
          <spirit:direction>in</spirit:direction>
          <spirit:vector>
            <spirit:left spirit:format="long">2</spirit:left>
            <spirit:right spirit:format="long">0</spirit:right>
          </spirit:vector>
          <spirit:wireTypeDefs>
            <spirit:wireTypeDef>
              <spirit:typeName>wire</spirit:typeName>
              <spirit:viewNameRef>xilinx_verilogsynthesis</spirit:viewNameRef>
              <spirit:viewNameRef>xilinx_verilogbehavioralsimulation</spirit:viewNameRef>
            </spirit:wireTypeDef>
          </spirit:wireTypeDefs>
        </spirit:wire>
      </spirit:port>
      <spirit:port>
        <spirit:name>s00_axi_awvalid</spirit:name>
        <spirit:wire>
          <spirit:direction>in</spirit:direction>
          <spirit:wireTypeDefs>
            <spirit:wireTypeDef>
              <spirit:typeName>wire</spirit:typeName>
              <spirit:viewNameRef>xilinx_verilogsynthesis</spirit:viewNameRef>
              <spirit:viewNameRef>xilinx_verilogbehavioralsimulation</spirit:viewNameRef>
            </spirit:wireTypeDef>
          </spirit:wireTypeDefs>
        </spirit:wire>
      </spirit:port>
      <spirit:port>
        <spirit:name>s00_axi_awready</spirit:name>
        <spirit:wire>
          <spirit:direction>out</spirit:direction>
          <spirit:wireTypeDefs>
            <spirit:wireTypeDef>
              <spirit:typeName>wire</spirit:typeName>
              <spirit:viewNameRef>xilinx_verilogsynthesis</spirit:viewNameRef>
              <spirit:viewNameRef>xilinx_verilogbehavioralsimulation</spirit:viewNameRef>
            </spirit:wireTypeDef>
          </spirit:wireTypeDefs>
        </spirit:wire>
      </spirit:port>
      <spirit:port>
        <spirit:name>s00_axi_wdata</spirit:name>
        <spirit:wire>
          <spirit:direction>in</spirit:direction>
          <spirit:vector>
            <spirit:left spirit:format="long" spirit:resolve="dependent" spirit:dependency="(spirit:decode(id(&apos;MODELPARAM_VALUE.C_S00_AXI_DATA_WIDTH&apos;)) - 1)">31</spirit:left>
            <spirit:right spirit:format="long">0</spirit:right>
          </spirit:vector>
          <spirit:wireTypeDefs>
            <spirit:wireTypeDef>
              <spirit:typeName>wire</spirit:typeName>
              <spirit:viewNameRef>xilinx_verilogsynthesis</spirit:viewNameRef>
              <spirit:viewNameRef>xilinx_verilogbehavioralsimulation</spirit:viewNameRef>
            </spirit:wireTypeDef>
          </spirit:wireTypeDefs>
        </spirit:wire>
      </spirit:port>
      <spirit:port>
        <spirit:name>s00_axi_wstrb</spirit:name>
        <spirit:wire>
          <spirit:direction>in</spirit:direction>
          <spirit:vector>
            <spirit:left spirit:format="long" spirit:resolve="dependent" spirit:dependency="((spirit:decode(id(&apos;MODELPARAM_VALUE.C_S00_AXI_DATA_WIDTH&apos;)) / 8) - 1)">3</spirit:left>
            <spirit:right spirit:format="long">0</spirit:right>
          </spirit:vector>
          <spirit:wireTypeDefs>
            <spirit:wireTypeDef>
              <spirit:typeName>wire</spirit:typeName>
              <spirit:viewNameRef>xilinx_verilogsynthesis</spirit:viewNameRef>
              <spirit:viewNameRef>xilinx_verilogbehavioralsimulation</spirit:viewNameRef>
            </spirit:wireTypeDef>
          </spirit:wireTypeDefs>
        </spirit:wire>
      </spirit:port>
      <spirit:port>
        <spirit:name>s00_axi_wvalid</spirit:name>
        <spirit:wire>
          <spirit:direction>in</spirit:direction>
          <spirit:wireTypeDefs>
            <spirit:wireTypeDef>
              <spirit:typeName>wire</spirit:typeName>
              <spirit:viewNameRef>xilinx_verilogsynthesis</spirit:viewNameRef>
              <spirit:viewNameRef>xilinx_verilogbehavioralsimulation</spirit:viewNameRef>
            </spirit:wireTypeDef>
          </spirit:wireTypeDefs>
        </spirit:wire>
      </spirit:port>
      <spirit:port>
        <spirit:name>s00_axi_wready</spirit:name>
        <spirit:wire>
          <spirit:direction>out</spirit:direction>
          <spirit:wireTypeDefs>
            <spirit:wireTypeDef>
              <spirit:typeName>wire</spirit:typeName>
              <spirit:viewNameRef>xilinx_verilogsynthesis</spirit:viewNameRef>
              <spirit:viewNameRef>xilinx_verilogbehavioralsimulation</spirit:viewNameRef>
            </spirit:wireTypeDef>
          </spirit:wireTypeDefs>
        </spirit:wire>
      </spirit:port>
      <spirit:port>
        <spirit:name>s00_axi_bresp</spirit:name>
        <spirit:wire>
          <spirit:direction>out</spirit:direction>
          <spirit:vector>
            <spirit:left spirit:format="long">1</spirit:left>
            <spirit:right spirit:format="long">0</spirit:right>
          </spirit:vector>
          <spirit:wireTypeDefs>
            <spirit:wireTypeDef>
              <spirit:typeName>wire</spirit:typeName>
              <spirit:viewNameRef>xilinx_verilogsynthesis</spirit:viewNameRef>
              <spirit:viewNameRef>xilinx_verilogbehavioralsimulation</spirit:viewNameRef>
            </spirit:wireTypeDef>
          </spirit:wireTypeDefs>
        </spirit:wire>
      </spirit:port>
      <spirit:port>
        <spirit:name>s00_axi_bvalid</spirit:name>
        <spirit:wire>
          <spirit:direction>out</spirit:direction>
          <spirit:wireTypeDefs>
            <spirit:wireTypeDef>
              <spirit:typeName>wire</spirit:typeName>
              <spirit:viewNameRef>xilinx_verilogsynthesis</spirit:viewNameRef>
              <spirit:viewNameRef>xilinx_verilogbehavioralsimulation</spirit:viewNameRef>
            </spirit:wireTypeDef>
          </spirit:wireTypeDefs>
        </spirit:wire>
      </spirit:port>
      <spirit:port>
        <spirit:name>s00_axi_bready</spirit:name>
        <spirit:wire>
          <spirit:direction>in</spirit:direction>
          <spirit:wireTypeDefs>
            <spirit:wireTypeDef>
              <spirit:typeName>wire</spirit:typeName>
              <spirit:viewNameRef>xilinx_verilogsynthesis</spirit:viewNameRef>
              <spirit:viewNameRef>xilinx_verilogbehavioralsimulation</spirit:viewNameRef>
            </spirit:wireTypeDef>
          </spirit:wireTypeDefs>
        </spirit:wire>
      </spirit:port>
      <spirit:port>
        <spirit:name>s00_axi_araddr</spirit:name>
        <spirit:wire>
          <spirit:direction>in</spirit:direction>
          <spirit:vector>
            <spirit:left spirit:format="long" spirit:resolve="dependent" spirit:dependency="(spirit:decode(id(&apos;MODELPARAM_VALUE.C_S00_AXI_ADDR_WIDTH&apos;)) - 1)">3</spirit:left>
            <spirit:right spirit:format="long">0</spirit:right>
          </spirit:vector>
          <spirit:wireTypeDefs>
            <spirit:wireTypeDef>
              <spirit:typeName>wire</spirit:typeName>
              <spirit:viewNameRef>xilinx_verilogsynthesis</spirit:viewNameRef>
              <spirit:viewNameRef>xilinx_verilogbehavioralsimulation</spirit:viewNameRef>
            </spirit:wireTypeDef>
          </spirit:wireTypeDefs>
        </spirit:wire>
      </spirit:port>
      <spirit:port>
        <spirit:name>s00_axi_arprot</spirit:name>
        <spirit:wire>
          <spirit:direction>in</spirit:direction>
          <spirit:vector>
            <spirit:left spirit:format="long">2</spirit:left>
            <spirit:right spirit:format="long">0</spirit:right>
          </spirit:vector>
          <spirit:wireTypeDefs>
            <spirit:wireTypeDef>
              <spirit:typeName>wire</spirit:typeName>
              <spirit:viewNameRef>xilinx_verilogsynthesis</spirit:viewNameRef>
              <spirit:viewNameRef>xilinx_verilogbehavioralsimulation</spirit:viewNameRef>
            </spirit:wireTypeDef>
          </spirit:wireTypeDefs>
        </spirit:wire>
      </spirit:port>
      <spirit:port>
        <spirit:name>s00_axi_arvalid</spirit:name>
        <spirit:wire>
          <spirit:direction>in</spirit:direction>
          <spirit:wireTypeDefs>
            <spirit:wireTypeDef>
              <spirit:typeName>wire</spirit:typeName>
              <spirit:viewNameRef>xilinx_verilogsynthesis</spirit:viewNameRef>
              <spirit:viewNameRef>xilinx_verilogbehavioralsimulation</spirit:viewNameRef>
            </spirit:wireTypeDef>
          </spirit:wireTypeDefs>
        </spirit:wire>
      </spirit:port>
      <spirit:port>
        <spirit:name>s00_axi_arready</spirit:name>
        <spirit:wire>
          <spirit:direction>out</spirit:direction>
          <spirit:wireTypeDefs>
            <spirit:wireTypeDef>
              <spirit:typeName>wire</spirit:typeName>
              <spirit:viewNameRef>xilinx_verilogsynthesis</spirit:viewNameRef>
              <spirit:viewNameRef>xilinx_verilogbehavioralsimulation</spirit:viewNameRef>
            </spirit:wireTypeDef>
          </spirit:wireTypeDefs>
        </spirit:wire>
      </spirit:port>
      <spirit:port>
        <spirit:name>s00_axi_rdata</spirit:name>
        <spirit:wire>
          <spirit:direction>out</spirit:direction>
          <spirit:vector>
            <spirit:left spirit:format="long" spirit:resolve="dependent" spirit:dependency="(spirit:decode(id(&apos;MODELPARAM_VALUE.C_S00_AXI_DATA_WIDTH&apos;)) - 1)">31</spirit:left>
            <spirit:right spirit:format="long">0</spirit:right>
          </spirit:vector>
          <spirit:wireTypeDefs>
            <spirit:wireTypeDef>
              <spirit:typeName>wire</spirit:typeName>
              <spirit:viewNameRef>xilinx_verilogsynthesis</spirit:viewNameRef>
              <spirit:viewNameRef>xilinx_verilogbehavioralsimulation</spirit:viewNameRef>
            </spirit:wireTypeDef>
          </spirit:wireTypeDefs>
        </spirit:wire>
      </spirit:port>
      <spirit:port>
        <spirit:name>s00_axi_rresp</spirit:name>
        <spirit:wire>
          <spirit:direction>out</spirit:direction>
          <spirit:vector>
            <spirit:left spirit:format="long">1</spirit:left>
            <spirit:right spirit:format="long">0</spirit:right>
          </spirit:vector>
          <spirit:wireTypeDefs>
            <spirit:wireTypeDef>
              <spirit:typeName>wire</spirit:typeName>
              <spirit:viewNameRef>xilinx_verilogsynthesis</spirit:viewNameRef>
              <spirit:viewNameRef>xilinx_verilogbehavioralsimulation</spirit:viewNameRef>
            </spirit:wireTypeDef>
          </spirit:wireTypeDefs>
        </spirit:wire>
      </spirit:port>
      <spirit:port>
        <spirit:name>s00_axi_rvalid</spirit:name>
        <spirit:wire>
          <spirit:direction>out</spirit:direction>
          <spirit:wireTypeDefs>
            <spirit:wireTypeDef>
              <spirit:typeName>wire</spirit:typeName>
              <spirit:viewNameRef>xilinx_verilogsynthesis</spirit:viewNameRef>
              <spirit:viewNameRef>xilinx_verilogbehavioralsimulation</spirit:viewNameRef>
            </spirit:wireTypeDef>
          </spirit:wireTypeDefs>
        </spirit:wire>
      </spirit:port>
      <spirit:port>
        <spirit:name>s00_axi_rready</spirit:name>
        <spirit:wire>
          <spirit:direction>in</spirit:direction>
          <spirit:wireTypeDefs>
            <spirit:wireTypeDef>
              <spirit:typeName>wire</spirit:typeName>
              <spirit:viewNameRef>xilinx_verilogsynthesis</spirit:viewNameRef>
              <spirit:viewNameRef>xilinx_verilogbehavioralsimulation</spirit:viewNameRef>
            </spirit:wireTypeDef>
          </spirit:wireTypeDefs>
        </spirit:wire>
      </spirit:port>
    </spirit:ports>
    <spirit:modelParameters>
      <spirit:modelParameter xsi:type="spirit:nameValueTypeType" spirit:dataType="integer">
        <spirit:name>C_S00_AXI_DATA_WIDTH</spirit:name>
        <spirit:displayName>C S00 AXI DATA WIDTH</spirit:displayName>
        <spirit:description>Width of S_AXI data bus</spirit:description>
        <spirit:value spirit:format="long" spirit:resolve="generated" spirit:id="MODELPARAM_VALUE.C_S00_AXI_DATA_WIDTH" spirit:order="3" spirit:rangeType="long">32</spirit:value>
      </spirit:modelParameter>
      <spirit:modelParameter spirit:dataType="integer">
        <spirit:name>C_S00_AXI_ADDR_WIDTH</spirit:name>
        <spirit:displayName>C S00 AXI ADDR WIDTH</spirit:displayName>
        <spirit:description>Width of S_AXI address bus</spirit:description>
        <spirit:value spirit:format="long" spirit:resolve="generated" spirit:id="MODELPARAM_VALUE.C_S00_AXI_ADDR_WIDTH" spirit:order="4" spirit:rangeType="long">4</spirit:value>
      </spirit:modelParameter>
    </spirit:modelParameters>
  </spirit:model>
  <spirit:choices>
    <spirit:choice>
      <spirit:name>choice_list_6fc15197</spirit:name>
      <spirit:enumeration>32</spirit:enumeration>
    </spirit:choice>
    <spirit:choice>
      <spirit:name>choice_list_9d8b0d81</spirit:name>
      <spirit:enumeration>ACTIVE_HIGH</spirit:enumeration>
      <spirit:enumeration>ACTIVE_LOW</spirit:enumeration>
    </spirit:choice>
    <spirit:choice>
      <spirit:name>choice_pairs_ce1226b1</spirit:name>
      <spirit:enumeration spirit:text="true">1</spirit:enumeration>
      <spirit:enumeration spirit:text="false">0</spirit:enumeration>
    </spirit:choice>
  </spirit:choices>
  <spirit:fileSets>
    <spirit:fileSet>
      <spirit:name>xilinx_verilogsynthesis_view_fileset</spirit:name>
      <spirit:file>
        <spirit:name>../../ipshared/161e/hdl/UART_FP_v1_0_S00_AXI.v</spirit:name>
        <spirit:fileType>verilogSource</spirit:fileType>
      </spirit:file>
      <spirit:file>
        <spirit:name>../../ipshared/161e/hdl/UART_FP_v1_0.v</spirit:name>
        <spirit:fileType>verilogSource</spirit:fileType>
      </spirit:file>
    </spirit:fileSet>
    <spirit:fileSet>
      <spirit:name>xilinx_verilogsynthesiswrapper_view_fileset</spirit:name>
      <spirit:file>
        <spirit:name>synth/design_1_UART_FP_0_0.v</spirit:name>
        <spirit:fileType>verilogSource</spirit:fileType>
        <spirit:logicalName>xil_defaultlib</spirit:logicalName>
      </spirit:file>
    </spirit:fileSet>
    <spirit:fileSet>
      <spirit:name>xilinx_verilogbehavioralsimulation_view_fileset</spirit:name>
      <spirit:file>
        <spirit:name>../../ipshared/161e/hdl/UART_FP_v1_0_S00_AXI.v</spirit:name>
        <spirit:fileType>verilogSource</spirit:fileType>
      </spirit:file>
      <spirit:file>
        <spirit:name>../../ipshared/161e/hdl/UART_FP_v1_0.v</spirit:name>
        <spirit:fileType>verilogSource</spirit:fileType>
      </spirit:file>
    </spirit:fileSet>
    <spirit:fileSet>
      <spirit:name>xilinx_verilogsimulationwrapper_view_fileset</spirit:name>
      <spirit:file>
        <spirit:name>sim/design_1_UART_FP_0_0.v</spirit:name>
        <spirit:fileType>verilogSource</spirit:fileType>
        <spirit:logicalName>xil_defaultlib</spirit:logicalName>
      </spirit:file>
    </spirit:fileSet>
  </spirit:fileSets>
  <spirit:description>My new AXI IP</spirit:description>
  <spirit:parameters>
    <spirit:parameter>
      <spirit:name>C_S00_AXI_DATA_WIDTH</spirit:name>
      <spirit:displayName>C S00 AXI DATA WIDTH</spirit:displayName>
      <spirit:description>Width of S_AXI data bus</spirit:description>
      <spirit:value spirit:format="long" spirit:resolve="user" spirit:id="PARAM_VALUE.C_S00_AXI_DATA_WIDTH" spirit:choiceRef="choice_list_6fc15197" spirit:order="3">32</spirit:value>
      <spirit:vendorExtensions>
        <xilinx:parameterInfo>
          <xilinx:enablement>
            <xilinx:isEnabled xilinx:id="PARAM_ENABLEMENT.C_S00_AXI_DATA_WIDTH">false</xilinx:isEnabled>
          </xilinx:enablement>
        </xilinx:parameterInfo>
      </spirit:vendorExtensions>
    </spirit:parameter>
    <spirit:parameter>
      <spirit:name>C_S00_AXI_ADDR_WIDTH</spirit:name>
      <spirit:displayName>C S00 AXI ADDR WIDTH</spirit:displayName>
      <spirit:description>Width of S_AXI address bus</spirit:description>
      <spirit:value spirit:format="long" spirit:resolve="user" spirit:id="PARAM_VALUE.C_S00_AXI_ADDR_WIDTH" spirit:order="4" spirit:rangeType="long">4</spirit:value>
      <spirit:vendorExtensions>
        <xilinx:parameterInfo>
          <xilinx:enablement>
            <xilinx:isEnabled xilinx:id="PARAM_ENABLEMENT.C_S00_AXI_ADDR_WIDTH">false</xilinx:isEnabled>
          </xilinx:enablement>
        </xilinx:parameterInfo>
      </spirit:vendorExtensions>
    </spirit:parameter>
    <spirit:parameter>
      <spirit:name>C_S00_AXI_BASEADDR</spirit:name>
      <spirit:displayName>C S00 AXI BASEADDR</spirit:displayName>
      <spirit:value spirit:format="bitString" spirit:resolve="user" spirit:id="PARAM_VALUE.C_S00_AXI_BASEADDR" spirit:order="5" spirit:bitStringLength="32">0xFFFFFFFF</spirit:value>
      <spirit:vendorExtensions>
        <xilinx:parameterInfo>
          <xilinx:enablement>
            <xilinx:isEnabled xilinx:id="PARAM_ENABLEMENT.C_S00_AXI_BASEADDR">false</xilinx:isEnabled>
          </xilinx:enablement>
        </xilinx:parameterInfo>
      </spirit:vendorExtensions>
    </spirit:parameter>
    <spirit:parameter>
      <spirit:name>C_S00_AXI_HIGHADDR</spirit:name>
      <spirit:displayName>C S00 AXI HIGHADDR</spirit:displayName>
      <spirit:value spirit:format="bitString" spirit:resolve="user" spirit:id="PARAM_VALUE.C_S00_AXI_HIGHADDR" spirit:order="6" spirit:bitStringLength="32">0x00000000</spirit:value>
      <spirit:vendorExtensions>
        <xilinx:parameterInfo>
          <xilinx:enablement>
            <xilinx:isEnabled xilinx:id="PARAM_ENABLEMENT.C_S00_AXI_HIGHADDR">false</xilinx:isEnabled>
          </xilinx:enablement>
        </xilinx:parameterInfo>
      </spirit:vendorExtensions>
    </spirit:parameter>
    <spirit:parameter>
      <spirit:name>Component_Name</spirit:name>
      <spirit:value spirit:resolve="user" spirit:id="PARAM_VALUE.Component_Name" spirit:order="1">design_1_UART_FP_0_0</spirit:value>
    </spirit:parameter>
  </spirit:parameters>
  <spirit:vendorExtensions>
    <xilinx:coreExtensions>
      <xilinx:displayName>UART_FP_v1.0</xilinx:displayName>
      <xilinx:coreRevision>7</xilinx:coreRevision>
      <xilinx:tags>
        <xilinx:tag xilinx:name="ui.data.coregen.dd@6276ac72_ARCHIVE_LOCATION">c:/AI_project/ip_repo/UART_FP_1.0</xilinx:tag>
        <xilinx:tag xilinx:name="ui.data.coregen.dd@5df40ada_ARCHIVE_LOCATION">c:/AI_project/ip_repo/UART_FP_1.0</xilinx:tag>
        <xilinx:tag xilinx:name="ui.data.coregen.dd@2fdbb610_ARCHIVE_LOCATION">c:/AI_project/ip_repo/UART_FP_1.0</xilinx:tag>
        <xilinx:tag xilinx:name="ui.data.coregen.dd@2c99c777_ARCHIVE_LOCATION">c:/AI_project/ip_repo/UART_FP_1.0</xilinx:tag>
        <xilinx:tag xilinx:name="ui.data.coregen.dd@7336791b_ARCHIVE_LOCATION">c:/AI_project/ip_repo/UART_FP_1.0</xilinx:tag>
        <xilinx:tag xilinx:name="ui.data.coregen.dd@bea49e4_ARCHIVE_LOCATION">c:/AI_project/ip_repo/UART_FP_1.0</xilinx:tag>
        <xilinx:tag xilinx:name="ui.data.coregen.dd@6aa5d727_ARCHIVE_LOCATION">c:/AI_project/ip_repo/UART_FP_1.0</xilinx:tag>
        <xilinx:tag xilinx:name="ui.data.coregen.dd@2f019057_ARCHIVE_LOCATION">c:/AI_project/ip_repo/UART_FP_1.0</xilinx:tag>
        <xilinx:tag xilinx:name="ui.data.coregen.dd@55ae17e_ARCHIVE_LOCATION">c:/AI_project/ip_repo/UART_FP_1.0</xilinx:tag>
        <xilinx:tag xilinx:name="ui.data.coregen.dd@6170f2bb_ARCHIVE_LOCATION">c:/AI_project/ip_repo/UART_FP_1.0</xilinx:tag>
        <xilinx:tag xilinx:name="ui.data.coregen.dd@7a467299_ARCHIVE_LOCATION">c:/AI_project/ip_repo/UART_FP_1.0</xilinx:tag>
        <xilinx:tag xilinx:name="ui.data.coregen.dd@5d18d9b3_ARCHIVE_LOCATION">c:/AI_project/ip_repo/UART_FP_1.0</xilinx:tag>
        <xilinx:tag xilinx:name="ui.data.coregen.dd@4a56f9fd_ARCHIVE_LOCATION">c:/AI_project/ip_repo/UART_FP_1.0</xilinx:tag>
        <xilinx:tag xilinx:name="ui.data.coregen.dd@3269f0c9_ARCHIVE_LOCATION">c:/AI_project/ip_repo/UART_FP_1.0</xilinx:tag>
        <xilinx:tag xilinx:name="ui.data.coregen.dd@7db120c1_ARCHIVE_LOCATION">c:/AI_project/ip_repo/UART_FP_1.0</xilinx:tag>
        <xilinx:tag xilinx:name="ui.data.coregen.dd@1882f596_ARCHIVE_LOCATION">c:/AI_project/ip_repo/UART_FP_1.0</xilinx:tag>
        <xilinx:tag xilinx:name="ui.data.coregen.dd@6cb87a4f_ARCHIVE_LOCATION">c:/AI_project/ip_repo/UART_FP_1.0</xilinx:tag>
        <xilinx:tag xilinx:name="ui.data.coregen.dd@1fb619cf_ARCHIVE_LOCATION">c:/AI_project/ip_repo/UART_FP_1.0</xilinx:tag>
        <xilinx:tag xilinx:name="ui.data.coregen.dd@7e9ff11d_ARCHIVE_LOCATION">c:/AI_project/ip_repo/UART_FP_1.0</xilinx:tag>
        <xilinx:tag xilinx:name="ui.data.coregen.dd@73143b41_ARCHIVE_LOCATION">c:/AI_project/ip_repo/UART_FP_1.0</xilinx:tag>
        <xilinx:tag xilinx:name="ui.data.coregen.dd@370dd251_ARCHIVE_LOCATION">c:/AI_project/ip_repo/UART_FP_1.0</xilinx:tag>
        <xilinx:tag xilinx:name="ui.data.coregen.dd@5ec30161_ARCHIVE_LOCATION">c:/AI_project/ip_repo/UART_FP_1.0</xilinx:tag>
        <xilinx:tag xilinx:name="ui.data.coregen.dd@76b2dbe1_ARCHIVE_LOCATION">c:/AI_project/ip_repo/UART_FP_1.0</xilinx:tag>
        <xilinx:tag xilinx:name="ui.data.coregen.dd@2fc98052_ARCHIVE_LOCATION">c:/AI_project/ip_repo/UART_FP_1.0</xilinx:tag>
        <xilinx:tag xilinx:name="ui.data.coregen.dd@7411ae78_ARCHIVE_LOCATION">c:/AI_project/ip_repo/UART_FP_1.0</xilinx:tag>
        <xilinx:tag xilinx:name="ui.data.coregen.dd@5c650a83_ARCHIVE_LOCATION">c:/AI_project/ip_repo/UART_FP_1.0</xilinx:tag>
        <xilinx:tag xilinx:name="ui.data.coregen.dd@3af3d9b9_ARCHIVE_LOCATION">c:/AI_project/ip_repo/UART_FP_1.0</xilinx:tag>
        <xilinx:tag xilinx:name="ui.data.coregen.dd@5e3f517f_ARCHIVE_LOCATION">c:/AI_project/ip_repo/UART_FP_1.0</xilinx:tag>
        <xilinx:tag xilinx:name="ui.data.coregen.dd@4632f005_ARCHIVE_LOCATION">c:/AI_project/ip_repo/UART_FP_1.0</xilinx:tag>
        <xilinx:tag xilinx:name="ui.data.coregen.dd@2846f4b1_ARCHIVE_LOCATION">c:/AI_project/ip_repo/UART_FP_1.0</xilinx:tag>
        <xilinx:tag xilinx:name="ui.data.coregen.dd@2b0111b2_ARCHIVE_LOCATION">c:/AI_project/ip_repo/UART_FP_1.0</xilinx:tag>
        <xilinx:tag xilinx:name="ui.data.coregen.dd@181af112_ARCHIVE_LOCATION">c:/AI_project/ip_repo/UART_FP_1.0</xilinx:tag>
        <xilinx:tag xilinx:name="ui.data.coregen.dd@490b04a0_ARCHIVE_LOCATION">c:/AI_project/ip_repo/UART_FP_1.0</xilinx:tag>
        <xilinx:tag xilinx:name="ui.data.coregen.dd@48abdb12_ARCHIVE_LOCATION">c:/AI_project/ip_repo/UART_FP_1.0</xilinx:tag>
        <xilinx:tag xilinx:name="ui.data.coregen.dd@1b593014_ARCHIVE_LOCATION">c:/AI_project/ip_repo/UART_FP_1.0</xilinx:tag>
        <xilinx:tag xilinx:name="ui.data.coregen.dd@2a372e1d_ARCHIVE_LOCATION">c:/AI_project/ip_repo/UART_FP_1.0</xilinx:tag>
        <xilinx:tag xilinx:name="ui.data.coregen.dd@62bcc497_ARCHIVE_LOCATION">c:/AI_project/ip_repo/UART_FP_1.0</xilinx:tag>
        <xilinx:tag xilinx:name="ui.data.coregen.dd@148cbeb3_ARCHIVE_LOCATION">c:/AI_project/ip_repo/UART_FP_1.0</xilinx:tag>
        <xilinx:tag xilinx:name="ui.data.coregen.dd@3ae1a010_ARCHIVE_LOCATION">c:/AI_project/ip_repo/UART_FP_1.0</xilinx:tag>
        <xilinx:tag xilinx:name="ui.data.coregen.dd@6d79fab8_ARCHIVE_LOCATION">c:/AI_project/ip_repo/UART_FP_1.0</xilinx:tag>
        <xilinx:tag xilinx:name="ui.data.coregen.dd@233ada09_ARCHIVE_LOCATION">c:/AI_project/ip_repo/UART_FP_1.0</xilinx:tag>
        <xilinx:tag xilinx:name="ui.data.coregen.dd@3b451d5b_ARCHIVE_LOCATION">c:/AI_project/ip_repo/UART_FP_1.0</xilinx:tag>
        <xilinx:tag xilinx:name="ui.data.coregen.dd@29a9aaee_ARCHIVE_LOCATION">c:/AI_project/ip_repo/UART_FP_1.0</xilinx:tag>
        <xilinx:tag xilinx:name="ui.data.coregen.dd@56a4ca31_ARCHIVE_LOCATION">c:/AI_project/ip_repo/UART_FP_1.0</xilinx:tag>
        <xilinx:tag xilinx:name="ui.data.coregen.dd@4f119842_ARCHIVE_LOCATION">c:/AI_project/ip_repo/UART_FP_1.0</xilinx:tag>
        <xilinx:tag xilinx:name="ui.data.coregen.dd@12cd78ca_ARCHIVE_LOCATION">c:/AI_project/ip_repo/UART_FP_1.0</xilinx:tag>
        <xilinx:tag xilinx:name="ui.data.coregen.dd@17ba4aae_ARCHIVE_LOCATION">c:/AI_project/ip_repo/UART_FP_1.0</xilinx:tag>
        <xilinx:tag xilinx:name="ui.data.coregen.dd@1fe35cfe_ARCHIVE_LOCATION">c:/AI_project/ip_repo/UART_FP_1.0</xilinx:tag>
        <xilinx:tag xilinx:name="ui.data.coregen.dd@564c0e0c_ARCHIVE_LOCATION">c:/AI_project/ip_repo/UART_FP_1.0</xilinx:tag>
        <xilinx:tag xilinx:name="ui.data.coregen.dd@6257b266_ARCHIVE_LOCATION">c:/AI_project/ip_repo/UART_FP_1.0</xilinx:tag>
        <xilinx:tag xilinx:name="ui.data.coregen.dd@d08174e_ARCHIVE_LOCATION">c:/AI_project/ip_repo/UART_FP_1.0</xilinx:tag>
        <xilinx:tag xilinx:name="ui.data.coregen.dd@2df5b980_ARCHIVE_LOCATION">c:/AI_project/ip_repo/UART_FP_1.0</xilinx:tag>
        <xilinx:tag xilinx:name="ui.data.coregen.dd@6960cd46_ARCHIVE_LOCATION">c:/AI_project/ip_repo/UART_FP_1.0</xilinx:tag>
        <xilinx:tag xilinx:name="ui.data.coregen.dd@2eb8f925_ARCHIVE_LOCATION">c:/AI_project/ip_repo/UART_FP_1.0</xilinx:tag>
        <xilinx:tag xilinx:name="ui.data.coregen.dd@2548e8a8_ARCHIVE_LOCATION">c:/AI_project/ip_repo/UART_FP_1.0</xilinx:tag>
        <xilinx:tag xilinx:name="ui.data.coregen.dd@2b263ba5_ARCHIVE_LOCATION">c:/AI_project/ip_repo/UART_FP_1.0</xilinx:tag>
        <xilinx:tag xilinx:name="ui.data.coregen.dd@77ab2f83_ARCHIVE_LOCATION">c:/AI_project/ip_repo/UART_FP_1.0</xilinx:tag>
        <xilinx:tag xilinx:name="ui.data.coregen.dd@70a3ad50_ARCHIVE_LOCATION">c:/AI_project/ip_repo/UART_FP_1.0</xilinx:tag>
        <xilinx:tag xilinx:name="ui.data.coregen.dd@4af78cd6_ARCHIVE_LOCATION">c:/AI_project/ip_repo/UART_FP_1.0</xilinx:tag>
        <xilinx:tag xilinx:name="ui.data.coregen.dd@265b8b05_ARCHIVE_LOCATION">c:/AI_project/ip_repo/UART_FP_1.0</xilinx:tag>
        <xilinx:tag xilinx:name="ui.data.coregen.dd@113b2a5b_ARCHIVE_LOCATION">c:/AI_project/ip_repo/UART_FP_1.0</xilinx:tag>
        <xilinx:tag xilinx:name="ui.data.coregen.dd@7851a15c_ARCHIVE_LOCATION">c:/AI_project/ip_repo/UART_FP_1.0</xilinx:tag>
        <xilinx:tag xilinx:name="ui.data.coregen.dd@13a3aa50_ARCHIVE_LOCATION">c:/AI_project/ip_repo/UART_FP_1.0</xilinx:tag>
        <xilinx:tag xilinx:name="ui.data.coregen.dd@18cd66b4_ARCHIVE_LOCATION">c:/AI_project/ip_repo/UART_FP_1.0</xilinx:tag>
        <xilinx:tag xilinx:name="ui.data.coregen.dd@2e94e318_ARCHIVE_LOCATION">c:/AI_project/ip_repo/UART_FP_1.0</xilinx:tag>
        <xilinx:tag xilinx:name="ui.data.coregen.dd@56d11d1f_ARCHIVE_LOCATION">c:/AI_project/ip_repo/UART_FP_1.0</xilinx:tag>
        <xilinx:tag xilinx:name="ui.data.coregen.dd@476a8b9e_ARCHIVE_LOCATION">c:/AI_project/ip_repo/UART_FP_1.0</xilinx:tag>
        <xilinx:tag xilinx:name="ui.data.coregen.dd@4797cb68_ARCHIVE_LOCATION">c:/AI_project/ip_repo/UART_FP_1.0</xilinx:tag>
        <xilinx:tag xilinx:name="ui.data.coregen.dd@6d6231d5_ARCHIVE_LOCATION">c:/AI_project/ip_repo/UART_FP_1.0</xilinx:tag>
        <xilinx:tag xilinx:name="ui.data.coregen.dd@133d1e53_ARCHIVE_LOCATION">c:/AI_project/ip_repo/UART_FP_1.0</xilinx:tag>
        <xilinx:tag xilinx:name="ui.data.coregen.dd@2453bf4a_ARCHIVE_LOCATION">c:/AI_project/ip_repo/UART_FP_1.0</xilinx:tag>
        <xilinx:tag xilinx:name="ui.data.coregen.dd@1083eab7_ARCHIVE_LOCATION">c:/AI_project/ip_repo/UART_FP_1.0</xilinx:tag>
        <xilinx:tag xilinx:name="ui.data.coregen.dd@92f0a10_ARCHIVE_LOCATION">c:/AI_project/ip_repo/UART_FP_1.0</xilinx:tag>
        <xilinx:tag xilinx:name="ui.data.coregen.dd@45bfdad3_ARCHIVE_LOCATION">c:/AI_project/ip_repo/UART_FP_1.0</xilinx:tag>
        <xilinx:tag xilinx:name="ui.data.coregen.dd@4b73a3c2_ARCHIVE_LOCATION">c:/AI_project/ip_repo/UART_FP_1.0</xilinx:tag>
        <xilinx:tag xilinx:name="ui.data.coregen.dd@482bc14b_ARCHIVE_LOCATION">c:/AI_project/ip_repo/UART_FP_1.0</xilinx:tag>
        <xilinx:tag xilinx:name="ui.data.coregen.dd@7eb230f7_ARCHIVE_LOCATION">c:/AI_project/ip_repo/UART_FP_1.0</xilinx:tag>
        <xilinx:tag xilinx:name="ui.data.coregen.dd@53d30779_ARCHIVE_LOCATION">c:/AI_project/ip_repo/UART_FP_1.0</xilinx:tag>
        <xilinx:tag xilinx:name="ui.data.coregen.dd@487c6937_ARCHIVE_LOCATION">c:/AI_project/ip_repo/UART_FP_1.0</xilinx:tag>
        <xilinx:tag xilinx:name="ui.data.coregen.dd@6bfe6b1e_ARCHIVE_LOCATION">c:/AI_project/ip_repo/UART_FP_1.0</xilinx:tag>
        <xilinx:tag xilinx:name="ui.data.coregen.dd@597c075e_ARCHIVE_LOCATION">c:/AI_project/ip_repo/UART_FP_1.0</xilinx:tag>
        <xilinx:tag xilinx:name="ui.data.coregen.dd@528a7cdd_ARCHIVE_LOCATION">c:/AI_project/ip_repo/UART_FP_1.0</xilinx:tag>
        <xilinx:tag xilinx:name="ui.data.coregen.dd@71b7e561_ARCHIVE_LOCATION">c:/AI_project/ip_repo/UART_FP_1.0</xilinx:tag>
        <xilinx:tag xilinx:name="ui.data.coregen.dd@4c38e675_ARCHIVE_LOCATION">c:/AI_project/ip_repo/UART_FP_1.0</xilinx:tag>
        <xilinx:tag xilinx:name="ui.data.coregen.dd@70efbb98_ARCHIVE_LOCATION">c:/AI_project/ip_repo/UART_FP_1.0</xilinx:tag>
        <xilinx:tag xilinx:name="ui.data.coregen.dd@49b9f593_ARCHIVE_LOCATION">c:/AI_project/ip_repo/UART_FP_1.0</xilinx:tag>
        <xilinx:tag xilinx:name="ui.data.coregen.dd@18a1f3a9_ARCHIVE_LOCATION">c:/AI_project/ip_repo/UART_FP_1.0</xilinx:tag>
        <xilinx:tag xilinx:name="ui.data.coregen.dd@6dd88538_ARCHIVE_LOCATION">c:/AI_project/ip_repo/UART_FP_1.0</xilinx:tag>
        <xilinx:tag xilinx:name="ui.data.coregen.dd@74d31b78_ARCHIVE_LOCATION">c:/AI_project/ip_repo/UART_FP_1.0</xilinx:tag>
        <xilinx:tag xilinx:name="ui.data.coregen.dd@32dde1d7_ARCHIVE_LOCATION">c:/AI_project/ip_repo/UART_FP_1.0</xilinx:tag>
        <xilinx:tag xilinx:name="ui.data.coregen.dd@70f9baef_ARCHIVE_LOCATION">c:/AI_project/ip_repo/UART_FP_1.0</xilinx:tag>
        <xilinx:tag xilinx:name="ui.data.coregen.dd@28721044_ARCHIVE_LOCATION">c:/AI_project/ip_repo/UART_FP_1.0</xilinx:tag>
        <xilinx:tag xilinx:name="ui.data.coregen.dd@3da73723_ARCHIVE_LOCATION">c:/AI_project/ip_repo/UART_FP_1.0</xilinx:tag>
        <xilinx:tag xilinx:name="ui.data.coregen.dd@62acd7e4_ARCHIVE_LOCATION">c:/AI_project/ip_repo/UART_FP_1.0</xilinx:tag>
        <xilinx:tag xilinx:name="ui.data.coregen.dd@19ecb71b_ARCHIVE_LOCATION">c:/AI_project/ip_repo/UART_FP_1.0</xilinx:tag>
        <xilinx:tag xilinx:name="ui.data.coregen.dd@e0b3695_ARCHIVE_LOCATION">c:/AI_project/ip_repo/UART_FP_1.0</xilinx:tag>
        <xilinx:tag xilinx:name="ui.data.coregen.dd@431bf6cd_ARCHIVE_LOCATION">c:/AI_project/ip_repo/UART_FP_1.0</xilinx:tag>
        <xilinx:tag xilinx:name="ui.data.coregen.dd@56f2cb0b_ARCHIVE_LOCATION">c:/AI_project/ip_repo/UART_FP_1.0</xilinx:tag>
        <xilinx:tag xilinx:name="ui.data.coregen.dd@534eb440_ARCHIVE_LOCATION">c:/AI_project/ip_repo/UART_FP_1.0</xilinx:tag>
        <xilinx:tag xilinx:name="ui.data.coregen.dd@6a092cb_ARCHIVE_LOCATION">c:/AI_project/ip_repo/UART_FP_1.0</xilinx:tag>
        <xilinx:tag xilinx:name="ui.data.coregen.dd@71d432fc_ARCHIVE_LOCATION">c:/AI_project/ip_repo/UART_FP_1.0</xilinx:tag>
        <xilinx:tag xilinx:name="ui.data.coregen.dd@42d6bbe1_ARCHIVE_LOCATION">c:/AI_project/ip_repo/UART_FP_1.0</xilinx:tag>
        <xilinx:tag xilinx:name="ui.data.coregen.dd@5031927e_ARCHIVE_LOCATION">c:/AI_project/ip_repo/UART_FP_1.0</xilinx:tag>
        <xilinx:tag xilinx:name="ui.data.coregen.dd@2d719f4e_ARCHIVE_LOCATION">c:/AI_project/ip_repo/UART_FP_1.0</xilinx:tag>
        <xilinx:tag xilinx:name="ui.data.coregen.dd@b7f2051_ARCHIVE_LOCATION">c:/AI_project/ip_repo/UART_FP_1.0</xilinx:tag>
        <xilinx:tag xilinx:name="ui.data.coregen.dd@1974774c_ARCHIVE_LOCATION">c:/AI_project/ip_repo/UART_FP_1.0</xilinx:tag>
        <xilinx:tag xilinx:name="ui.data.coregen.dd@ee50cc6_ARCHIVE_LOCATION">c:/AI_project/ip_repo/UART_FP_1.0</xilinx:tag>
        <xilinx:tag xilinx:name="ui.data.coregen.dd@7d515b34_ARCHIVE_LOCATION">c:/AI_project/ip_repo/UART_FP_1.0</xilinx:tag>
        <xilinx:tag xilinx:name="ui.data.coregen.dd@35210ee_ARCHIVE_LOCATION">c:/AI_project/ip_repo/UART_FP_1.0</xilinx:tag>
        <xilinx:tag xilinx:name="ui.data.coregen.dd@35798f4d_ARCHIVE_LOCATION">c:/AI_project/ip_repo/UART_FP_1.0</xilinx:tag>
        <xilinx:tag xilinx:name="ui.data.coregen.dd@1cb486c5_ARCHIVE_LOCATION">c:/AI_project/ip_repo/UART_FP_1.0</xilinx:tag>
        <xilinx:tag xilinx:name="ui.data.coregen.dd@3e284f9a_ARCHIVE_LOCATION">c:/AI_project/ip_repo/UART_FP_1.0</xilinx:tag>
        <xilinx:tag xilinx:name="ui.data.coregen.dd@75183dba_ARCHIVE_LOCATION">c:/AI_project/ip_repo/UART_FP_1.0</xilinx:tag>
        <xilinx:tag xilinx:name="ui.data.coregen.dd@1fbc9c2f_ARCHIVE_LOCATION">c:/AI_project/ip_repo/UART_FP_1.0</xilinx:tag>
        <xilinx:tag xilinx:name="ui.data.coregen.dd@1f8f8a60_ARCHIVE_LOCATION">c:/AI_project/ip_repo/UART_FP_1.0</xilinx:tag>
        <xilinx:tag xilinx:name="ui.data.coregen.dd@1e94323d_ARCHIVE_LOCATION">c:/AI_project/ip_repo/UART_FP_1.0</xilinx:tag>
        <xilinx:tag xilinx:name="ui.data.coregen.dd@4ec06370_ARCHIVE_LOCATION">c:/AI_project/ip_repo/UART_FP_1.0</xilinx:tag>
        <xilinx:tag xilinx:name="ui.data.coregen.dd@6a121fd6_ARCHIVE_LOCATION">c:/AI_project/ip_repo/UART_FP_1.0</xilinx:tag>
        <xilinx:tag xilinx:name="ui.data.coregen.dd@f6cdf5d_ARCHIVE_LOCATION">c:/AI_project/ip_repo/UART_FP_1.0</xilinx:tag>
        <xilinx:tag xilinx:name="ui.data.coregen.dd@5d59e67a_ARCHIVE_LOCATION">c:/AI_project/ip_repo/UART_FP_1.0</xilinx:tag>
        <xilinx:tag xilinx:name="ui.data.coregen.dd@2b1a31f9_ARCHIVE_LOCATION">c:/AI_project/ip_repo/UART_FP_1.0</xilinx:tag>
        <xilinx:tag xilinx:name="ui.data.coregen.dd@7d0f4200_ARCHIVE_LOCATION">c:/AI_project/ip_repo/UART_FP_1.0</xilinx:tag>
        <xilinx:tag xilinx:name="ui.data.coregen.dd@17ccb51e_ARCHIVE_LOCATION">c:/AI_project/ip_repo/UART_FP_1.0</xilinx:tag>
        <xilinx:tag xilinx:name="ui.data.coregen.dd@1c327f21_ARCHIVE_LOCATION">c:/AI_project/ip_repo/UART_FP_1.0</xilinx:tag>
        <xilinx:tag xilinx:name="ui.data.coregen.dd@34477d7d_ARCHIVE_LOCATION">c:/AI_project/ip_repo/UART_FP_1.0</xilinx:tag>
        <xilinx:tag xilinx:name="ui.data.coregen.dd@66e6947a_ARCHIVE_LOCATION">c:/AI_project/ip_repo/UART_FP_1.0</xilinx:tag>
        <xilinx:tag xilinx:name="ui.data.coregen.dd@2e6879b6_ARCHIVE_LOCATION">c:/AI_project/ip_repo/UART_FP_1.0</xilinx:tag>
        <xilinx:tag xilinx:name="ui.data.coregen.dd@13096bf6_ARCHIVE_LOCATION">c:/AI_project/ip_repo/UART_FP_1.0</xilinx:tag>
        <xilinx:tag xilinx:name="ui.data.coregen.dd@6fa6ca5c_ARCHIVE_LOCATION">c:/AI_project/ip_repo/UART_FP_1.0</xilinx:tag>
        <xilinx:tag xilinx:name="ui.data.coregen.dd@3ad17cd_ARCHIVE_LOCATION">c:/AI_project/ip_repo/UART_FP_1.0</xilinx:tag>
        <xilinx:tag xilinx:name="ui.data.coregen.dd@3d5d7ccc_ARCHIVE_LOCATION">c:/AI_project/ip_repo/UART_FP_1.0</xilinx:tag>
        <xilinx:tag xilinx:name="ui.data.coregen.dd@3b42ca_ARCHIVE_LOCATION">c:/AI_project/ip_repo/UART_FP_1.0</xilinx:tag>
        <xilinx:tag xilinx:name="ui.data.coregen.dd@36d66960_ARCHIVE_LOCATION">c:/AI_project/ip_repo/UART_FP_1.0</xilinx:tag>
        <xilinx:tag xilinx:name="ui.data.coregen.dd@8f30cac_ARCHIVE_LOCATION">c:/AI_project/ip_repo/UART_FP_1.0</xilinx:tag>
        <xilinx:tag xilinx:name="ui.data.coregen.dd@4d7f3166_ARCHIVE_LOCATION">c:/AI_project/ip_repo/UART_FP_1.0</xilinx:tag>
        <xilinx:tag xilinx:name="ui.data.coregen.dd@5a9d5a5c_ARCHIVE_LOCATION">c:/AI_project/ip_repo/UART_FP_1.0</xilinx:tag>
        <xilinx:tag xilinx:name="ui.data.coregen.dd@4d8d077d_ARCHIVE_LOCATION">c:/AI_project/ip_repo/UART_FP_1.0</xilinx:tag>
        <xilinx:tag xilinx:name="ui.data.coregen.dd@71df0285_ARCHIVE_LOCATION">c:/AI_project/ip_repo/UART_FP_1.0</xilinx:tag>
        <xilinx:tag xilinx:name="ui.data.coregen.dd@74809e85_ARCHIVE_LOCATION">c:/AI_project/ip_repo/UART_FP_1.0</xilinx:tag>
        <xilinx:tag xilinx:name="ui.data.coregen.dd@5581806f_ARCHIVE_LOCATION">c:/AI_project/ip_repo/UART_FP_1.0</xilinx:tag>
        <xilinx:tag xilinx:name="ui.data.coregen.dd@18f8c2c5_ARCHIVE_LOCATION">c:/AI_project/ip_repo/UART_FP_1.0</xilinx:tag>
        <xilinx:tag xilinx:name="ui.data.coregen.dd@434c2b61_ARCHIVE_LOCATION">c:/AI_project/ip_repo/UART_FP_1.0</xilinx:tag>
        <xilinx:tag xilinx:name="ui.data.coregen.dd@2ab3d8a5_ARCHIVE_LOCATION">c:/AI_project/ip_repo/UART_FP_1.0</xilinx:tag>
        <xilinx:tag xilinx:name="ui.data.coregen.dd@516eab33_ARCHIVE_LOCATION">c:/AI_project/ip_repo/UART_FP_1.0</xilinx:tag>
        <xilinx:tag xilinx:name="ui.data.coregen.dd@549f3011_ARCHIVE_LOCATION">c:/AI_project/ip_repo/UART_FP_1.0</xilinx:tag>
        <xilinx:tag xilinx:name="ui.data.coregen.dd@6b922bdb_ARCHIVE_LOCATION">c:/AI_project/ip_repo/UART_FP_1.0</xilinx:tag>
        <xilinx:tag xilinx:name="ui.data.coregen.dd@90ffa4b_ARCHIVE_LOCATION">c:/AI_project/ip_repo/UART_FP_1.0</xilinx:tag>
        <xilinx:tag xilinx:name="ui.data.coregen.dd@7ce6248e_ARCHIVE_LOCATION">c:/AI_project/ip_repo/UART_FP_1.0</xilinx:tag>
        <xilinx:tag xilinx:name="ui.data.coregen.dd@17589477_ARCHIVE_LOCATION">c:/AI_project/ip_repo/UART_FP_1.0</xilinx:tag>
        <xilinx:tag xilinx:name="ui.data.coregen.dd@1ec04043_ARCHIVE_LOCATION">c:/AI_project/ip_repo/UART_FP_1.0</xilinx:tag>
        <xilinx:tag xilinx:name="ui.data.coregen.dd@1ba1073f_ARCHIVE_LOCATION">c:/AI_project/ip_repo/UART_FP_1.0</xilinx:tag>
        <xilinx:tag xilinx:name="ui.data.coregen.dd@3f992b8d_ARCHIVE_LOCATION">c:/AI_project/ip_repo/UART_FP_1.0</xilinx:tag>
        <xilinx:tag xilinx:name="ui.data.coregen.dd@76892f46_ARCHIVE_LOCATION">c:/AI_project/ip_repo/UART_FP_1.0</xilinx:tag>
        <xilinx:tag xilinx:name="ui.data.coregen.dd@198b0e3f_ARCHIVE_LOCATION">c:/AI_project/ip_repo/UART_FP_1.0</xilinx:tag>
        <xilinx:tag xilinx:name="ui.data.coregen.dd@a33d750_ARCHIVE_LOCATION">c:/AI_project/ip_repo/UART_FP_1.0</xilinx:tag>
        <xilinx:tag xilinx:name="ui.data.coregen.dd@7c39f7ed_ARCHIVE_LOCATION">c:/AI_project/ip_repo/UART_FP_1.0</xilinx:tag>
        <xilinx:tag xilinx:name="ui.data.coregen.dd@6010810_ARCHIVE_LOCATION">c:/AI_project/ip_repo/UART_FP_1.0</xilinx:tag>
        <xilinx:tag xilinx:name="ui.data.coregen.dd@1d602ece_ARCHIVE_LOCATION">c:/AI_project/ip_repo/UART_FP_1.0</xilinx:tag>
        <xilinx:tag xilinx:name="ui.data.coregen.dd@6f1d6a72_ARCHIVE_LOCATION">c:/AI_project/ip_repo/UART_FP_1.0</xilinx:tag>
        <xilinx:tag xilinx:name="ui.data.coregen.dd@19b16c46_ARCHIVE_LOCATION">c:/AI_project/ip_repo/UART_FP_1.0</xilinx:tag>
        <xilinx:tag xilinx:name="ui.data.coregen.dd@60e1743_ARCHIVE_LOCATION">c:/AI_project/ip_repo/UART_FP_1.0</xilinx:tag>
        <xilinx:tag xilinx:name="ui.data.coregen.dd@1f85cffd_ARCHIVE_LOCATION">c:/AI_project/ip_repo/UART_FP_1.0</xilinx:tag>
        <xilinx:tag xilinx:name="ui.data.coregen.dd@d6dca11_ARCHIVE_LOCATION">c:/AI_project/ip_repo/UART_FP_1.0</xilinx:tag>
        <xilinx:tag xilinx:name="ui.data.coregen.dd@13969960_ARCHIVE_LOCATION">c:/AI_project/ip_repo/UART_FP_1.0</xilinx:tag>
        <xilinx:tag xilinx:name="ui.data.coregen.dd@40105072_ARCHIVE_LOCATION">c:/AI_project/ip_repo/UART_FP_1.0</xilinx:tag>
        <xilinx:tag xilinx:name="ui.data.coregen.dd@43985812_ARCHIVE_LOCATION">c:/AI_project/ip_repo/UART_FP_1.0</xilinx:tag>
        <xilinx:tag xilinx:name="ui.data.coregen.dd@10d52bae_ARCHIVE_LOCATION">c:/AI_project/ip_repo/UART_FP_1.0</xilinx:tag>
        <xilinx:tag xilinx:name="ui.data.coregen.dd@1fda5032_ARCHIVE_LOCATION">c:/AI_project/ip_repo/UART_FP_1.0</xilinx:tag>
        <xilinx:tag xilinx:name="ui.data.coregen.dd@6e5e4c6e_ARCHIVE_LOCATION">c:/AI_project/ip_repo/UART_FP_1.0</xilinx:tag>
        <xilinx:tag xilinx:name="ui.data.coregen.dd@7090558e_ARCHIVE_LOCATION">c:/AI_project/ip_repo/UART_FP_1.0</xilinx:tag>
        <xilinx:tag xilinx:name="ui.data.coregen.dd@1fcbed7a_ARCHIVE_LOCATION">c:/AI_project/ip_repo/UART_FP_1.0</xilinx:tag>
        <xilinx:tag xilinx:name="ui.data.coregen.dd@4b37c509_ARCHIVE_LOCATION">c:/AI_project/ip_repo/UART_FP_1.0</xilinx:tag>
        <xilinx:tag xilinx:name="ui.data.coregen.dd@1eda1a3f_ARCHIVE_LOCATION">c:/AI_project/ip_repo/UART_FP_1.0</xilinx:tag>
        <xilinx:tag xilinx:name="ui.data.coregen.dd@61125f05_ARCHIVE_LOCATION">c:/AI_project/ip_repo/UART_FP_1.0</xilinx:tag>
        <xilinx:tag xilinx:name="ui.data.coregen.dd@1028cb6d_ARCHIVE_LOCATION">c:/AI_project/ip_repo/UART_FP_1.0</xilinx:tag>
        <xilinx:tag xilinx:name="ui.data.coregen.dd@70d15023_ARCHIVE_LOCATION">c:/AI_project/ip_repo/UART_FP_1.0</xilinx:tag>
        <xilinx:tag xilinx:name="ui.data.coregen.dd@5910eba4_ARCHIVE_LOCATION">c:/AI_project/ip_repo/UART_FP_1.0</xilinx:tag>
        <xilinx:tag xilinx:name="ui.data.coregen.dd@31a619c8_ARCHIVE_LOCATION">c:/AI_project/ip_repo/UART_FP_1.0</xilinx:tag>
        <xilinx:tag xilinx:name="ui.data.coregen.dd@7ceccacc_ARCHIVE_LOCATION">c:/AI_project/ip_repo/UART_FP_1.0</xilinx:tag>
        <xilinx:tag xilinx:name="ui.data.coregen.dd@3173f465_ARCHIVE_LOCATION">c:/AI_project/ip_repo/UART_FP_1.0</xilinx:tag>
        <xilinx:tag xilinx:name="ui.data.coregen.dd@390e7f6a_ARCHIVE_LOCATION">c:/AI_project/ip_repo/UART_FP_1.0</xilinx:tag>
        <xilinx:tag xilinx:name="ui.data.coregen.dd@4b3e33d0_ARCHIVE_LOCATION">c:/AI_project/ip_repo/UART_FP_1.0</xilinx:tag>
        <xilinx:tag xilinx:name="ui.data.coregen.dd@3f5f949d_ARCHIVE_LOCATION">c:/AI_project/ip_repo/UART_FP_1.0</xilinx:tag>
        <xilinx:tag xilinx:name="ui.data.coregen.dd@181a0e81_ARCHIVE_LOCATION">c:/AI_project/ip_repo/UART_FP_1.0</xilinx:tag>
        <xilinx:tag xilinx:name="ui.data.coregen.dd@768ab307_ARCHIVE_LOCATION">c:/AI_project/ip_repo/UART_FP_1.0</xilinx:tag>
        <xilinx:tag xilinx:name="ui.data.coregen.dd@725e0fe1_ARCHIVE_LOCATION">c:/AI_project/ip_repo/UART_FP_1.0</xilinx:tag>
        <xilinx:tag xilinx:name="ui.data.coregen.dd@45845adf_ARCHIVE_LOCATION">c:/AI_project/ip_repo/UART_FP_1.0</xilinx:tag>
        <xilinx:tag xilinx:name="ui.data.coregen.dd@7a1e903f_ARCHIVE_LOCATION">c:/AI_project/ip_repo/UART_FP_1.0</xilinx:tag>
        <xilinx:tag xilinx:name="ui.data.coregen.dd@47eb6744_ARCHIVE_LOCATION">c:/AI_project/ip_repo/UART_FP_1.0</xilinx:tag>
        <xilinx:tag xilinx:name="ui.data.coregen.dd@386ffe43_ARCHIVE_LOCATION">c:/AI_project/ip_repo/UART_FP_1.0</xilinx:tag>
        <xilinx:tag xilinx:name="ui.data.coregen.dd@4ff8c140_ARCHIVE_LOCATION">c:/AI_project/ip_repo/UART_FP_1.0</xilinx:tag>
        <xilinx:tag xilinx:name="ui.data.coregen.dd@7e5b971_ARCHIVE_LOCATION">c:/AI_project/ip_repo/UART_FP_1.0</xilinx:tag>
        <xilinx:tag xilinx:name="ui.data.coregen.dd@4411a441_ARCHIVE_LOCATION">c:/AI_project/ip_repo/UART_FP_1.0</xilinx:tag>
        <xilinx:tag xilinx:name="ui.data.coregen.dd@465e0597_ARCHIVE_LOCATION">c:/AI_project/ip_repo/UART_FP_1.0</xilinx:tag>
        <xilinx:tag xilinx:name="ui.data.coregen.dd@5ab5f0be_ARCHIVE_LOCATION">c:/AI_project/ip_repo/UART_FP_1.0</xilinx:tag>
        <xilinx:tag xilinx:name="ui.data.coregen.dd@1d4caa1_ARCHIVE_LOCATION">c:/AI_project/ip_repo/UART_FP_1.0</xilinx:tag>
        <xilinx:tag xilinx:name="ui.data.coregen.dd@1961b940_ARCHIVE_LOCATION">c:/AI_project/ip_repo/UART_FP_1.0</xilinx:tag>
        <xilinx:tag xilinx:name="ui.data.coregen.dd@2051d3ff_ARCHIVE_LOCATION">c:/AI_project/ip_repo/UART_FP_1.0</xilinx:tag>
        <xilinx:tag xilinx:name="ui.data.coregen.dd@7d86659_ARCHIVE_LOCATION">c:/AI_project/ip_repo/UART_FP_1.0</xilinx:tag>
        <xilinx:tag xilinx:name="ui.data.coregen.dd@2327d7cb_ARCHIVE_LOCATION">c:/AI_project/ip_repo/UART_FP_1.0</xilinx:tag>
        <xilinx:tag xilinx:name="ui.data.coregen.dd@16fc85e9_ARCHIVE_LOCATION">c:/AI_project/ip_repo/UART_FP_1.0</xilinx:tag>
        <xilinx:tag xilinx:name="ui.data.coregen.dd@79c66ebe_ARCHIVE_LOCATION">c:/AI_project/ip_repo/UART_FP_1.0</xilinx:tag>
        <xilinx:tag xilinx:name="ui.data.coregen.dd@15311985_ARCHIVE_LOCATION">c:/AI_project/ip_repo/UART_FP_1.0</xilinx:tag>
        <xilinx:tag xilinx:name="ui.data.coregen.dd@7a26c001_ARCHIVE_LOCATION">c:/AI_project/ip_repo/UART_FP_1.0</xilinx:tag>
        <xilinx:tag xilinx:name="ui.data.coregen.dd@16b36741_ARCHIVE_LOCATION">c:/AI_project/ip_repo/UART_FP_1.0</xilinx:tag>
        <xilinx:tag xilinx:name="ui.data.coregen.dd@4f84e4a8_ARCHIVE_LOCATION">c:/AI_project/ip_repo/UART_FP_1.0</xilinx:tag>
        <xilinx:tag xilinx:name="ui.data.coregen.dd@44a1433c_ARCHIVE_LOCATION">c:/AI_project/ip_repo/UART_FP_1.0</xilinx:tag>
        <xilinx:tag xilinx:name="ui.data.coregen.dd@47b49245_ARCHIVE_LOCATION">c:/AI_project/ip_repo/UART_FP_1.0</xilinx:tag>
        <xilinx:tag xilinx:name="ui.data.coregen.dd@17ead9c4_ARCHIVE_LOCATION">c:/AI_project/ip_repo/UART_FP_1.0</xilinx:tag>
        <xilinx:tag xilinx:name="ui.data.coregen.dd@fce6a2d_ARCHIVE_LOCATION">c:/AI_project/ip_repo/UART_FP_1.0</xilinx:tag>
        <xilinx:tag xilinx:name="ui.data.coregen.dd@1685d6df_ARCHIVE_LOCATION">c:/AI_project/ip_repo/UART_FP_1.0</xilinx:tag>
        <xilinx:tag xilinx:name="ui.data.coregen.dd@1c6520b9_ARCHIVE_LOCATION">c:/AI_project/ip_repo/UART_FP_1.0</xilinx:tag>
        <xilinx:tag xilinx:name="ui.data.coregen.dd@5c9d6fba_ARCHIVE_LOCATION">c:/AI_project/ip_repo/UART_FP_1.0</xilinx:tag>
        <xilinx:tag xilinx:name="ui.data.coregen.dd@6a83ed73_ARCHIVE_LOCATION">c:/AI_project/ip_repo/UART_FP_1.0</xilinx:tag>
        <xilinx:tag xilinx:name="ui.data.coregen.dd@3fa9f618_ARCHIVE_LOCATION">c:/AI_project/ip_repo/UART_FP_1.0</xilinx:tag>
        <xilinx:tag xilinx:name="ui.data.coregen.dd@7a6e930f_ARCHIVE_LOCATION">c:/AI_project/ip_repo/UART_FP_1.0</xilinx:tag>
        <xilinx:tag xilinx:name="ui.data.coregen.dd@533a6774_ARCHIVE_LOCATION">c:/AI_project/ip_repo/UART_FP_1.0</xilinx:tag>
        <xilinx:tag xilinx:name="ui.data.coregen.dd@14ff47f0_ARCHIVE_LOCATION">c:/AI_project/ip_repo/UART_FP_1.0</xilinx:tag>
        <xilinx:tag xilinx:name="ui.data.coregen.dd@207e378a_ARCHIVE_LOCATION">c:/AI_project/ip_repo/UART_FP_1.0</xilinx:tag>
        <xilinx:tag xilinx:name="ui.data.coregen.dd@481886c2_ARCHIVE_LOCATION">c:/AI_project/ip_repo/UART_FP_1.0</xilinx:tag>
        <xilinx:tag xilinx:name="ui.data.coregen.dd@645a4c07_ARCHIVE_LOCATION">c:/AI_project/ip_repo/UART_FP_1.0</xilinx:tag>
        <xilinx:tag xilinx:name="ui.data.coregen.dd@5b5cfb0d_ARCHIVE_LOCATION">c:/AI_project/ip_repo/UART_FP_1.0</xilinx:tag>
        <xilinx:tag xilinx:name="ui.data.coregen.dd@59b8650d_ARCHIVE_LOCATION">c:/AI_project/ip_repo/UART_FP_1.0</xilinx:tag>
        <xilinx:tag xilinx:name="ui.data.coregen.dd@4c815ad3_ARCHIVE_LOCATION">c:/AI_project/ip_repo/UART_FP_1.0</xilinx:tag>
        <xilinx:tag xilinx:name="ui.data.coregen.dd@2387d1fb_ARCHIVE_LOCATION">c:/AI_project/ip_repo/UART_FP_1.0</xilinx:tag>
        <xilinx:tag xilinx:name="ui.data.coregen.dd@5bc0187d_ARCHIVE_LOCATION">c:/AI_project/ip_repo/UART_FP_1.0</xilinx:tag>
        <xilinx:tag xilinx:name="ui.data.coregen.dd@6df0178a_ARCHIVE_LOCATION">c:/AI_project/ip_repo/UART_FP_1.0</xilinx:tag>
        <xilinx:tag xilinx:name="ui.data.coregen.dd@6c8c90e8_ARCHIVE_LOCATION">c:/AI_project/ip_repo/UART_FP_1.0</xilinx:tag>
        <xilinx:tag xilinx:name="ui.data.coregen.dd@3c2e0ec3_ARCHIVE_LOCATION">c:/AI_project/ip_repo/UART_FP_1.0</xilinx:tag>
        <xilinx:tag xilinx:name="ui.data.coregen.dd@477e5f13_ARCHIVE_LOCATION">c:/AI_project/ip_repo/UART_FP_1.0</xilinx:tag>
        <xilinx:tag xilinx:name="ui.data.coregen.dd@2703809a_ARCHIVE_LOCATION">c:/AI_project/ip_repo/UART_FP_1.0</xilinx:tag>
        <xilinx:tag xilinx:name="ui.data.coregen.dd@174fe1ff_ARCHIVE_LOCATION">c:/AI_project/ip_repo/UART_FP_1.0</xilinx:tag>
        <xilinx:tag xilinx:name="ui.data.coregen.dd@49dc2494_ARCHIVE_LOCATION">c:/AI_project/ip_repo/UART_FP_1.0</xilinx:tag>
        <xilinx:tag xilinx:name="ui.data.coregen.dd@79ba158f_ARCHIVE_LOCATION">c:/AI_project/ip_repo/UART_FP_1.0</xilinx:tag>
        <xilinx:tag xilinx:name="ui.data.coregen.dd@84ba81b_ARCHIVE_LOCATION">c:/AI_project/ip_repo/UART_FP_1.0</xilinx:tag>
        <xilinx:tag xilinx:name="ui.data.coregen.dd@20c696f5_ARCHIVE_LOCATION">c:/AI_project/ip_repo/UART_FP_1.0</xilinx:tag>
        <xilinx:tag xilinx:name="ui.data.coregen.dd@1cdcb87c_ARCHIVE_LOCATION">c:/AI_project/ip_repo/UART_FP_1.0</xilinx:tag>
        <xilinx:tag xilinx:name="ui.data.coregen.dd@5b2545fc_ARCHIVE_LOCATION">c:/AI_project/ip_repo/UART_FP_1.0</xilinx:tag>
        <xilinx:tag xilinx:name="ui.data.coregen.dd@53b88edc_ARCHIVE_LOCATION">c:/AI_project/ip_repo/UART_FP_1.0</xilinx:tag>
        <xilinx:tag xilinx:name="ui.data.coregen.dd@47c80d42_ARCHIVE_LOCATION">c:/AI_project/ip_repo/UART_FP_1.0</xilinx:tag>
        <xilinx:tag xilinx:name="ui.data.coregen.dd@2e1a147e_ARCHIVE_LOCATION">c:/AI_project/ip_repo/UART_FP_1.0</xilinx:tag>
        <xilinx:tag xilinx:name="ui.data.coregen.dd@83ffb11_ARCHIVE_LOCATION">c:/AI_project/ip_repo/UART_FP_1.0</xilinx:tag>
        <xilinx:tag xilinx:name="ui.data.coregen.dd@4974542f_ARCHIVE_LOCATION">c:/AI_project/ip_repo/UART_FP_1.0</xilinx:tag>
        <xilinx:tag xilinx:name="ui.data.coregen.dd@1b7de1fe_ARCHIVE_LOCATION">c:/AI_project/ip_repo/UART_FP_1.0</xilinx:tag>
        <xilinx:tag xilinx:name="ui.data.coregen.dd@413ebafe_ARCHIVE_LOCATION">c:/AI_project/ip_repo/UART_FP_1.0</xilinx:tag>
        <xilinx:tag xilinx:name="ui.data.coregen.dd@74929ce3_ARCHIVE_LOCATION">c:/AI_project/ip_repo/UART_FP_1.0</xilinx:tag>
        <xilinx:tag xilinx:name="ui.data.coregen.dd@a89608d_ARCHIVE_LOCATION">c:/AI_project/ip_repo/UART_FP_1.0</xilinx:tag>
        <xilinx:tag xilinx:name="ui.data.coregen.dd@5b0f9b96_ARCHIVE_LOCATION">c:/AI_project/ip_repo/UART_FP_1.0</xilinx:tag>
        <xilinx:tag xilinx:name="ui.data.coregen.dd@49380136_ARCHIVE_LOCATION">c:/AI_project/ip_repo/UART_FP_1.0</xilinx:tag>
        <xilinx:tag xilinx:name="ui.data.coregen.dd@3fd90085_ARCHIVE_LOCATION">c:/AI_project/ip_repo/UART_FP_1.0</xilinx:tag>
        <xilinx:tag xilinx:name="ui.data.coregen.dd@346e5604_ARCHIVE_LOCATION">c:/AI_project/ip_repo/UART_FP_1.0</xilinx:tag>
        <xilinx:tag xilinx:name="ui.data.coregen.dd@7a4762a5_ARCHIVE_LOCATION">c:/AI_project/ip_repo/UART_FP_1.0</xilinx:tag>
        <xilinx:tag xilinx:name="ui.data.coregen.dd@25bfa6ed_ARCHIVE_LOCATION">c:/AI_project/ip_repo/UART_FP_1.0</xilinx:tag>
        <xilinx:tag xilinx:name="ui.data.coregen.dd@13e1e93a_ARCHIVE_LOCATION">c:/AI_project/ip_repo/UART_FP_1.0</xilinx:tag>
        <xilinx:tag xilinx:name="ui.data.coregen.dd@4348b874_ARCHIVE_LOCATION">c:/AI_project/ip_repo/UART_FP_1.0</xilinx:tag>
        <xilinx:tag xilinx:name="ui.data.coregen.dd@6459b6f1_ARCHIVE_LOCATION">c:/AI_project/ip_repo/UART_FP_1.0</xilinx:tag>
        <xilinx:tag xilinx:name="ui.data.coregen.dd@22fd3d51_ARCHIVE_LOCATION">c:/AI_project/ip_repo/UART_FP_1.0</xilinx:tag>
        <xilinx:tag xilinx:name="ui.data.coregen.dd@d0665b9_ARCHIVE_LOCATION">c:/AI_project/ip_repo/UART_FP_1.0</xilinx:tag>
        <xilinx:tag xilinx:name="ui.data.coregen.dd@4fddbc0b_ARCHIVE_LOCATION">c:/AI_project/ip_repo/UART_FP_1.0</xilinx:tag>
        <xilinx:tag xilinx:name="ui.data.coregen.dd@741ddbee_ARCHIVE_LOCATION">c:/AI_project/ip_repo/UART_FP_1.0</xilinx:tag>
        <xilinx:tag xilinx:name="ui.data.coregen.dd@322f7bf1_ARCHIVE_LOCATION">c:/AI_project/ip_repo/UART_FP_1.0</xilinx:tag>
        <xilinx:tag xilinx:name="ui.data.coregen.dd@73273860_ARCHIVE_LOCATION">c:/AI_project/ip_repo/UART_FP_1.0</xilinx:tag>
        <xilinx:tag xilinx:name="ui.data.coregen.dd@40ae258c_ARCHIVE_LOCATION">c:/AI_project/ip_repo/UART_FP_1.0</xilinx:tag>
        <xilinx:tag xilinx:name="ui.data.coregen.dd@ef593b3_ARCHIVE_LOCATION">c:/AI_project/ip_repo/UART_FP_1.0</xilinx:tag>
        <xilinx:tag xilinx:name="ui.data.coregen.dd@2a546d06_ARCHIVE_LOCATION">c:/AI_project/ip_repo/UART_FP_1.0</xilinx:tag>
        <xilinx:tag xilinx:name="ui.data.coregen.dd@63b0ce16_ARCHIVE_LOCATION">c:/AI_project/ip_repo/UART_FP_1.0</xilinx:tag>
        <xilinx:tag xilinx:name="ui.data.coregen.dd@31a5140_ARCHIVE_LOCATION">c:/AI_project/ip_repo/UART_FP_1.0</xilinx:tag>
        <xilinx:tag xilinx:name="ui.data.coregen.dd@6d4e5a0e_ARCHIVE_LOCATION">c:/AI_project/ip_repo/UART_FP_1.0</xilinx:tag>
        <xilinx:tag xilinx:name="ui.data.coregen.dd@55ee1f23_ARCHIVE_LOCATION">c:/AI_project/ip_repo/UART_FP_1.0</xilinx:tag>
        <xilinx:tag xilinx:name="ui.data.coregen.dd@39fb0ca5_ARCHIVE_LOCATION">c:/AI_project/ip_repo/UART_FP_1.0</xilinx:tag>
        <xilinx:tag xilinx:name="ui.data.coregen.dd@5f295059_ARCHIVE_LOCATION">c:/AI_project/ip_repo/UART_FP_1.0</xilinx:tag>
        <xilinx:tag xilinx:name="ui.data.coregen.dd@6ac8f0_ARCHIVE_LOCATION">c:/AI_project/ip_repo/UART_FP_1.0</xilinx:tag>
        <xilinx:tag xilinx:name="ui.data.coregen.dd@57a1de1a_ARCHIVE_LOCATION">c:/AI_project/ip_repo/UART_FP_1.0</xilinx:tag>
        <xilinx:tag xilinx:name="ui.data.coregen.dd@ddabc95_ARCHIVE_LOCATION">c:/AI_project/ip_repo/UART_FP_1.0</xilinx:tag>
        <xilinx:tag xilinx:name="ui.data.coregen.dd@7b815765_ARCHIVE_LOCATION">c:/AI_project/ip_repo/UART_FP_1.0</xilinx:tag>
        <xilinx:tag xilinx:name="ui.data.coregen.dd@471fbff4_ARCHIVE_LOCATION">c:/AI_project/ip_repo/UART_FP_1.0</xilinx:tag>
        <xilinx:tag xilinx:name="ui.data.coregen.dd@16a1ff67_ARCHIVE_LOCATION">c:/AI_project/ip_repo/UART_FP_1.0</xilinx:tag>
        <xilinx:tag xilinx:name="ui.data.coregen.dd@41964883_ARCHIVE_LOCATION">c:/AI_project/ip_repo/UART_FP_1.0</xilinx:tag>
        <xilinx:tag xilinx:name="ui.data.coregen.dd@6f69366f_ARCHIVE_LOCATION">c:/AI_project/ip_repo/UART_FP_1.0</xilinx:tag>
        <xilinx:tag xilinx:name="ui.data.coregen.dd@72feee9_ARCHIVE_LOCATION">c:/AI_project/ip_repo/UART_FP_1.0</xilinx:tag>
        <xilinx:tag xilinx:name="ui.data.coregen.dd@3117d33_ARCHIVE_LOCATION">c:/AI_project/ip_repo/UART_FP_1.0</xilinx:tag>
        <xilinx:tag xilinx:name="ui.data.coregen.dd@1c8cb577_ARCHIVE_LOCATION">c:/AI_project/ip_repo/UART_FP_1.0</xilinx:tag>
        <xilinx:tag xilinx:name="ui.data.coregen.dd@14710e98_ARCHIVE_LOCATION">c:/AI_project/ip_repo/UART_FP_1.0</xilinx:tag>
        <xilinx:tag xilinx:name="ui.data.coregen.dd@1d564789_ARCHIVE_LOCATION">c:/AI_project/ip_repo/UART_FP_1.0</xilinx:tag>
        <xilinx:tag xilinx:name="ui.data.coregen.dd@20f407e2_ARCHIVE_LOCATION">c:/AI_project/ip_repo/UART_FP_1.0</xilinx:tag>
        <xilinx:tag xilinx:name="ui.data.coregen.dd@75a51fbc_ARCHIVE_LOCATION">c:/AI_project/ip_repo/UART_FP_1.0</xilinx:tag>
        <xilinx:tag xilinx:name="ui.data.coregen.dd@32ac865a_ARCHIVE_LOCATION">c:/AI_project/ip_repo/UART_FP_1.0</xilinx:tag>
        <xilinx:tag xilinx:name="ui.data.coregen.dd@6caa18e9_ARCHIVE_LOCATION">c:/AI_project/ip_repo/UART_FP_1.0</xilinx:tag>
        <xilinx:tag xilinx:name="ui.data.coregen.dd@75271a67_ARCHIVE_LOCATION">c:/AI_project/ip_repo/UART_FP_1.0</xilinx:tag>
        <xilinx:tag xilinx:name="ui.data.coregen.dd@7c88cebf_ARCHIVE_LOCATION">c:/AI_project/ip_repo/UART_FP_1.0</xilinx:tag>
        <xilinx:tag xilinx:name="ui.data.coregen.dd@59a63571_ARCHIVE_LOCATION">c:/AI_project/ip_repo/UART_FP_1.0</xilinx:tag>
        <xilinx:tag xilinx:name="ui.data.coregen.dd@2f962219_ARCHIVE_LOCATION">c:/AI_project/ip_repo/UART_FP_1.0</xilinx:tag>
        <xilinx:tag xilinx:name="ui.data.coregen.dd@9fe1144_ARCHIVE_LOCATION">c:/AI_project/ip_repo/UART_FP_1.0</xilinx:tag>
        <xilinx:tag xilinx:name="ui.data.coregen.dd@e909cb7_ARCHIVE_LOCATION">c:/AI_project/ip_repo/UART_FP_1.0</xilinx:tag>
        <xilinx:tag xilinx:name="ui.data.coregen.dd@304d14a1_ARCHIVE_LOCATION">c:/AI_project/ip_repo/UART_FP_1.0</xilinx:tag>
        <xilinx:tag xilinx:name="ui.data.coregen.dd@eb427c3_ARCHIVE_LOCATION">c:/AI_project/ip_repo/UART_FP_1.0</xilinx:tag>
        <xilinx:tag xilinx:name="ui.data.coregen.dd@1a29fc04_ARCHIVE_LOCATION">c:/AI_project/ip_repo/UART_FP_1.0</xilinx:tag>
        <xilinx:tag xilinx:name="ui.data.coregen.dd@2d6f7268_ARCHIVE_LOCATION">c:/AI_project/ip_repo/UART_FP_1.0</xilinx:tag>
        <xilinx:tag xilinx:name="ui.data.coregen.dd@668e3301_ARCHIVE_LOCATION">c:/AI_project/ip_repo/UART_FP_1.0</xilinx:tag>
        <xilinx:tag xilinx:name="ui.data.coregen.dd@588d0643_ARCHIVE_LOCATION">c:/AI_project/ip_repo/UART_FP_1.0</xilinx:tag>
        <xilinx:tag xilinx:name="ui.data.coregen.dd@d51159_ARCHIVE_LOCATION">c:/AI_project/ip_repo/UART_FP_1.0</xilinx:tag>
        <xilinx:tag xilinx:name="ui.data.coregen.dd@6dbd36a4_ARCHIVE_LOCATION">c:/AI_project/ip_repo/UART_FP_1.0</xilinx:tag>
        <xilinx:tag xilinx:name="ui.data.coregen.dd@3e42bfe5_ARCHIVE_LOCATION">c:/AI_project/ip_repo/UART_FP_1.0</xilinx:tag>
        <xilinx:tag xilinx:name="ui.data.coregen.dd@7c9cf7bb_ARCHIVE_LOCATION">c:/AI_project/ip_repo/UART_FP_1.0</xilinx:tag>
        <xilinx:tag xilinx:name="ui.data.coregen.dd@76b03e5b_ARCHIVE_LOCATION">c:/AI_project/ip_repo/UART_FP_1.0</xilinx:tag>
        <xilinx:tag xilinx:name="ui.data.coregen.dd@765b7a51_ARCHIVE_LOCATION">c:/AI_project/ip_repo/UART_FP_1.0</xilinx:tag>
        <xilinx:tag xilinx:name="ui.data.coregen.dd@4dda9e6a_ARCHIVE_LOCATION">c:/AI_project/ip_repo/UART_FP_1.0</xilinx:tag>
        <xilinx:tag xilinx:name="ui.data.coregen.dd@58c5f24f_ARCHIVE_LOCATION">c:/AI_project/ip_repo/UART_FP_1.0</xilinx:tag>
      </xilinx:tags>
      <xilinx:configElementInfos>
        <xilinx:configElementInfo xilinx:referenceId="BUSIFPARAM_VALUE.S00_AXI.ADDR_WIDTH" xilinx:valueSource="auto" xilinx:valuePermission="bd"/>
        <xilinx:configElementInfo xilinx:referenceId="BUSIFPARAM_VALUE.S00_AXI.ARUSER_WIDTH" xilinx:valueSource="constant" xilinx:valuePermission="bd"/>
        <xilinx:configElementInfo xilinx:referenceId="BUSIFPARAM_VALUE.S00_AXI.AWUSER_WIDTH" xilinx:valueSource="constant" xilinx:valuePermission="bd"/>
        <xilinx:configElementInfo xilinx:referenceId="BUSIFPARAM_VALUE.S00_AXI.BUSER_WIDTH" xilinx:valueSource="constant" xilinx:valuePermission="bd"/>
        <xilinx:configElementInfo xilinx:referenceId="BUSIFPARAM_VALUE.S00_AXI.CLK_DOMAIN" xilinx:valuePermission="bd"/>
        <xilinx:configElementInfo xilinx:referenceId="BUSIFPARAM_VALUE.S00_AXI.DATA_WIDTH" xilinx:valueSource="auto" xilinx:valuePermission="bd"/>
        <xilinx:configElementInfo xilinx:referenceId="BUSIFPARAM_VALUE.S00_AXI.FREQ_HZ" xilinx:valuePermission="bd"/>
        <xilinx:configElementInfo xilinx:referenceId="BUSIFPARAM_VALUE.S00_AXI.HAS_BRESP" xilinx:valueSource="constant" xilinx:valuePermission="bd"/>
        <xilinx:configElementInfo xilinx:referenceId="BUSIFPARAM_VALUE.S00_AXI.HAS_BURST" xilinx:valueSource="constant" xilinx:valuePermission="bd"/>
        <xilinx:configElementInfo xilinx:referenceId="BUSIFPARAM_VALUE.S00_AXI.HAS_CACHE" xilinx:valueSource="constant" xilinx:valuePermission="bd"/>
        <xilinx:configElementInfo xilinx:referenceId="BUSIFPARAM_VALUE.S00_AXI.HAS_LOCK" xilinx:valueSource="constant" xilinx:valuePermission="bd"/>
        <xilinx:configElementInfo xilinx:referenceId="BUSIFPARAM_VALUE.S00_AXI.HAS_PROT" xilinx:valueSource="constant" xilinx:valuePermission="bd"/>
        <xilinx:configElementInfo xilinx:referenceId="BUSIFPARAM_VALUE.S00_AXI.HAS_QOS" xilinx:valueSource="constant" xilinx:valuePermission="bd"/>
        <xilinx:configElementInfo xilinx:referenceId="BUSIFPARAM_VALUE.S00_AXI.HAS_REGION" xilinx:valueSource="constant" xilinx:valuePermission="bd"/>
        <xilinx:configElementInfo xilinx:referenceId="BUSIFPARAM_VALUE.S00_AXI.HAS_RRESP" xilinx:valueSource="constant" xilinx:valuePermission="bd"/>
        <xilinx:configElementInfo xilinx:referenceId="BUSIFPARAM_VALUE.S00_AXI.HAS_WSTRB" xilinx:valueSource="constant" xilinx:valuePermission="bd"/>
        <xilinx:configElementInfo xilinx:referenceId="BUSIFPARAM_VALUE.S00_AXI.ID_WIDTH" xilinx:valueSource="constant" xilinx:valuePermission="bd"/>
        <xilinx:configElementInfo xilinx:referenceId="BUSIFPARAM_VALUE.S00_AXI.MAX_BURST_LENGTH" xilinx:valuePermission="bd"/>
        <xilinx:configElementInfo xilinx:referenceId="BUSIFPARAM_VALUE.S00_AXI.NUM_READ_OUTSTANDING" xilinx:valueSource="default_prop" xilinx:valuePermission="bd"/>
        <xilinx:configElementInfo xilinx:referenceId="BUSIFPARAM_VALUE.S00_AXI.NUM_READ_THREADS" xilinx:valuePermission="bd"/>
        <xilinx:configElementInfo xilinx:referenceId="BUSIFPARAM_VALUE.S00_AXI.NUM_WRITE_OUTSTANDING" xilinx:valueSource="default_prop" xilinx:valuePermission="bd"/>
        <xilinx:configElementInfo xilinx:referenceId="BUSIFPARAM_VALUE.S00_AXI.NUM_WRITE_THREADS" xilinx:valuePermission="bd"/>
        <xilinx:configElementInfo xilinx:referenceId="BUSIFPARAM_VALUE.S00_AXI.PHASE" xilinx:valuePermission="bd"/>
        <xilinx:configElementInfo xilinx:referenceId="BUSIFPARAM_VALUE.S00_AXI.PROTOCOL" xilinx:valueSource="constant" xilinx:valuePermission="bd"/>
        <xilinx:configElementInfo xilinx:referenceId="BUSIFPARAM_VALUE.S00_AXI.READ_WRITE_MODE" xilinx:valueSource="constant" xilinx:valuePermission="bd"/>
        <xilinx:configElementInfo xilinx:referenceId="BUSIFPARAM_VALUE.S00_AXI.RUSER_BITS_PER_BYTE" xilinx:valuePermission="bd"/>
        <xilinx:configElementInfo xilinx:referenceId="BUSIFPARAM_VALUE.S00_AXI.RUSER_WIDTH" xilinx:valueSource="constant" xilinx:valuePermission="bd"/>
        <xilinx:configElementInfo xilinx:referenceId="BUSIFPARAM_VALUE.S00_AXI.SUPPORTS_NARROW_BURST" xilinx:valuePermission="bd"/>
        <xilinx:configElementInfo xilinx:referenceId="BUSIFPARAM_VALUE.S00_AXI.WIZ_DATA_WIDTH" xilinx:valuePermission="bd"/>
        <xilinx:configElementInfo xilinx:referenceId="BUSIFPARAM_VALUE.S00_AXI.WIZ_NUM_REG" xilinx:valuePermission="bd"/>
        <xilinx:configElementInfo xilinx:referenceId="BUSIFPARAM_VALUE.S00_AXI.WUSER_BITS_PER_BYTE" xilinx:valuePermission="bd"/>
        <xilinx:configElementInfo xilinx:referenceId="BUSIFPARAM_VALUE.S00_AXI.WUSER_WIDTH" xilinx:valueSource="constant" xilinx:valuePermission="bd"/>
        <xilinx:configElementInfo xilinx:referenceId="BUSIFPARAM_VALUE.S00_AXI_CLK.ASSOCIATED_BUSIF" xilinx:valuePermission="bd"/>
        <xilinx:configElementInfo xilinx:referenceId="BUSIFPARAM_VALUE.S00_AXI_CLK.ASSOCIATED_RESET" xilinx:valuePermission="bd"/>
        <xilinx:configElementInfo xilinx:referenceId="BUSIFPARAM_VALUE.S00_AXI_CLK.CLK_DOMAIN" xilinx:valuePermission="bd"/>
        <xilinx:configElementInfo xilinx:referenceId="BUSIFPARAM_VALUE.S00_AXI_CLK.FREQ_HZ" xilinx:valuePermission="bd"/>
        <xilinx:configElementInfo xilinx:referenceId="BUSIFPARAM_VALUE.S00_AXI_CLK.FREQ_TOLERANCE_HZ" xilinx:valuePermission="bd"/>
        <xilinx:configElementInfo xilinx:referenceId="BUSIFPARAM_VALUE.S00_AXI_CLK.PHASE" xilinx:valuePermission="bd"/>
        <xilinx:configElementInfo xilinx:referenceId="BUSIFPARAM_VALUE.S00_AXI_RST.POLARITY" xilinx:valuePermission="bd"/>
      </xilinx:configElementInfos>
    </xilinx:coreExtensions>
    <xilinx:packagingInfo>
      <xilinx:xilinxVersion>2020.2</xilinx:xilinxVersion>
      <xilinx:checksum xilinx:scope="busInterfaces" xilinx:value="7a63f3fc"/>
      <xilinx:checksum xilinx:scope="memoryMaps" xilinx:value="ed1368d5"/>
      <xilinx:checksum xilinx:scope="fileGroups" xilinx:value="74f37dfe"/>
      <xilinx:checksum xilinx:scope="ports" xilinx:value="a083f597"/>
      <xilinx:checksum xilinx:scope="hdlParameters" xilinx:value="6992ea72"/>
      <xilinx:checksum xilinx:scope="parameters" xilinx:value="6f47a3d3"/>
    </xilinx:packagingInfo>
  </spirit:vendorExtensions>
</spirit:component>
